tweet,date
â€¢Erken gelen kutlama. ğŸº ğŸ»â€¢ #izmir #tuborg #tuborggold #tuborg #happynewyear #celebration #2019 #fun #girls #turkey #beautiful #surprise #love #instagood #me #cute #like #happy #instadailyâ€¦  https://www.instagram.com/p/BriSuIcghcx/?utm_source=ig_twitter_share&igshid=1agc681hfuivdÂ â€¦,2018-12-18
SayÄ±n yetkililer lÃ¼tfen 2009 yÄ±lÄ± fiyatlarÄ±na dÃ¶nebilir miyiz ?  #tuborg  https://twitter.com/mortifera/status/1074256662003879936Â â€¦,2018-12-17
#tuborg  Ã§ivi Ã§ivi  pic.twitter.com/H3AeuKqn03,2018-12-16
Tabi ki de #tuborg,2018-12-16
BugÃ¼n ki #tuborg ile kÃ¼ltÃ¼r turumuzda Apollon tapÄ±naÄŸÄ±nÄ± inceleyeceÄŸiz  pic.twitter.com/lMIlckv3pQ,2018-12-15
Bu gÃ¼nler de dolapta aÄŸzÄ± aÃ§Ä±k kalmÄ±ÅŸ bira kutusu gibiyim gazÄ±m keyfimmiÅŸ gibi kaÃ§mÄ±ÅŸ #tuborg,2018-12-12
Adam gibi takÄ±mla 5. YÄ±l  200.000 litre #tuborg #tuborggold #adamgibibira #gerekeniyap @ Konak cafe restaurant - konakgastropub  https://www.instagram.com/p/BrP-0clF4FA6z2tZG0f4gBNW4Us6UaopGruSqo0/?utm_source=ig_twitter_share&igshid=ppwirjlaiicgÂ â€¦,2018-12-11
"Ã‡ok tepkiliyiz, aÅŸÄ±rÄ±..  #chill #tuborg @ Role Street Hostel & Coffee  https://www.instagram.com/p/BrPxHv1HYw9/?utm_source=ig_twitter_share&igshid=eviwy7sez3goÂ â€¦",2018-12-11
ozcanturee   #maltepe #kartal #bostanci #pendik #tÃ¼rkÃ¼ #yakacÄ±k #kadÄ±kÃ¶y #saz #gece #umraniye #beyoglu #sisli #besiktas #eglencemekani #mekan #halaylar #oyunhavalari #raki #meze #tuborgâ€¦  https://www.instagram.com/p/BrI9pTfBUJT/?utm_source=ig_twitter_share&igshid=1c81ffnwqgjjjÂ â€¦,2018-12-08
ozcanturee #maltepe #kartal #bostanci #pendik #tÃ¼rkÃ¼ #yakacÄ±k #kadÄ±kÃ¶y #saz #gece #umraniye #beyoglu #sisli #besiktas #eglencemekani #mekan #halaylar #oyunhavalari #raki #meze #tuborgâ€¦  https://www.instagram.com/p/BrI6o_aBUc9/?utm_source=ig_twitter_share&igshid=1gc79d32kve3fÂ â€¦,2018-12-08
ozcanturee   #maltepe #kartal #bostanci #pendik #tÃ¼rkÃ¼ #yakacÄ±k #kadÄ±kÃ¶y #saz #gece #umraniye #beyoglu #sisli #besiktas #eglencemekani #mekan #halaylar #oyunhavalari #raki #meze #tuborgâ€¦  https://www.instagram.com/p/BrI49_cB_Qo/?utm_source=ig_twitter_share&igshid=1oa0srgcy00uaÂ â€¦,2018-12-08
Ã‡ok yaratÄ±cÄ± deÄŸil mi #tuborg #efsanebira pic.twitter.com/MM1pbk1a67,2018-12-08
"SanÄ±rÄ±m bu Ã¼rÃ¼n TÃ¼rkiyeâ€™de olsa, oldukÃ§a popÃ¼ler olur ğŸ˜‚ @Tuborggiller #tuborg #markabeyi #ilhamverenpaylaÅŸÄ±mlar pic.twitter.com/3woWWNQdwx",2018-12-08
"KampanyamÄ±z 1. yÄ±lÄ±nÄ± doldurmak Ã¼zere... Her Pazartesi, SalÄ± ve PerÅŸembe gÃ¼nleri Janya 'da orjinal Tuborg fÄ±Ã§Ä± kampanyali... #tuborg #kampanya #janya #istiklalcaddesi #sadrialisiksokakâ€¦  https://www.instagram.com/p/BrBfKOjhb1r/?utm_source=ig_twitter_share&igshid=1wyr2d0yv5dfiÂ â€¦",2018-12-06
Kalite kontrol tamamdÄ±r. Denendi onaylandÄ±. #tuborg candÄ±r.  pic.twitter.com/mXRCvQyBPQ,2018-12-05
#tuborg la #redbull stand kurmuÅŸ dj basÄ±yor bassÄ± yan tarafta da mevlÃ¼tlÃ¼ dÃ¼ÄŸÃ¼n var ğŸ˜ğŸ¤£ğŸ¤£ pic.twitter.com/xiSZPNyexQ,2018-12-01
Alkol iÃ§erken araba kullanmayÄ±n bir yere Ã§arparsÄ±nÄ±z biranÄ±z dÃ¶kÃ¼lÃ¼r ğŸº #Efes #tuborg,2018-11-30
#Tuborg bize sponsor olsun aile kurmak istiyorum @Tuborg,2018-11-29
@bozturkfb ile bize her yol #Tuborg Egrisini dogrusunu bilmem ğŸ˜‚ğŸ˜‚ğŸ˜‚,2018-11-29
"Grolsch, GaraGuzu, Kozel, Tuborg... Sevgiliyle Grolsch, farklÄ±lÄ±k isteyen arkadaÅŸla #GaraGuzu, maaÅŸÄ± aldÄ±k Kozel, muhabbet var dostla #Tuborg...",2018-11-27
Saat 04:00 kadar kafa Ã§ekip 4:30 da yatÄ±p 6 da kalkÄ±p duÅŸ alÄ±p ayÄ±lmak gibi bir gÃ¼n bu gÃ¼n gÃ¼ne #tuborg ile #GÃ¼naydÄ±n â€“ at Gaye Otel,2018-11-27
Herkesin sonu #morg  yaÅŸasÄ±n sarÄ± #tuborg #adamgibibira ğŸ˜œğŸ˜œ#iyigeceler #zÄ±barÄ±n lan #zÄ±barasÄ±calar #uykututmayanlar â˜ºï¸ pic.twitter.com/zidDQqxbRi,2018-11-25
Gecenin en guzel surprizi ğŸ¤¤ â€œ Tuborg yesil Turkiyeâ€™ye geri gelsin lan! â€œ kampanyasi baslatiyorum. #tuborg @Tuborg pic.twitter.com/NQmcXYs046,2018-11-25
Bu biradan iÃ§meyen de kendine bi zahmet SÄ°NOPLUYUM demesin... Koleksiyonluk #tuborg  pic.twitter.com/J3k65LXv1o,2018-11-24
Hani #BlackFriday2018  di niye bu #tuborg 5tlye dÃ¼ÅŸmemiÅŸ kÄ±nÄ±yorum ğŸ˜   pic.twitter.com/0EgnK4ldUn,2018-11-24
GÃ¼nlerden yine iÃ§elim ğŸ˜ #tuborg #tuborggold pic.twitter.com/belLxesBk6,2018-11-22
Torosumu Ã§ok seviyorum ama iÃ§inde bira iÃ§meyi daha Ã§ok #toros #bira #efes #tuborg #ÅŸeker #insÃ¼lin #60.000 #tÄ±ss #tanju pic.twitter.com/C69Uq32z7K,2018-11-22
En yakÄ±n dostumla Son 2 ayda alkole gÃ¶mdÃ¼ÄŸÃ¼mÃ¼z parayÄ± hesaplayÄ±nca 6.500 TL Ã§Ä±ktÄ±ÄŸÄ±nÄ± gÃ¶rÃ¼nceki iÃ§me isteÄŸimiz ! ğŸ˜‚ğŸ˜‚ #alkol #efes #bomonti #Amsterdam #tuborg #Liverpool #garage #gemi #jackdaniels #aÃ§Ä±z #marlboro @karakoc6755,2018-11-21
KeÅŸke #Tuborg da black friday yapsa,2018-11-21
GÃ¼naydÄ±n #tuborg ailesi ğŸºğŸº,2018-11-19
Gece devaamm #tuborg ğŸ»  pic.twitter.com/XmB429k2YW,2018-11-17
Bu gece Cunda MaÅŸÅŸağŸ§ #cunda #istanbul #cundamaÅŸÅŸa #maÅŸÅŸa #ayvalÄ±k #Ã¶ren #izmir #istanbul #akÃ§ay #eÄŸlence #night #ankara #bodrum #bar #absolud #tuborg #kuÅŸadasÄ± @ Cunda MAÅÅA Cafe Bar  https://www.instagram.com/p/BqSVAWgHKtg/?utm_source=ig_twitter_share&igshid=1lx9y01yw5ynvÂ â€¦,2018-11-17
Sigara birde #tuborg ile gÃ¼zel gidiyor kardesimğŸ˜,2018-11-16
en sevdiÄŸim aktivite bulaÅŸÄ±k yÄ±karken bira iÃ§mek...#tuborg  pic.twitter.com/cEqI0xbzYg,2018-11-13
Pazartesi sendromu yaÅŸayan yÄ±kÄ±klarğŸ˜ balkonumda  3. birayÄ± sizin iÃ§in aÃ§Ä±yorum. #tuborg,2018-11-12
Gece #tuborg ile devam eder ğŸ»  pic.twitter.com/8WxkCsQ4lz,2018-11-11
Mekan aynÄ± tepedeyiz.isteyen gelir.#tuborg  pic.twitter.com/70Vz8pmvjZ,2018-11-10
#tuborg Seviyoruz bu hayatÄ± babaaaa  pic.twitter.com/vDkk8LZpmQ,2018-11-10
yine bir cumartesi akÅŸamÄ± aÅŸÄ±rÄ± sosyalim odamÄ±n hayaleti ile #tuborg iÃ§iyoruz    #SaldÄ±rGALATASARAY,2018-11-10
"Biz KemancÄ±, hatta Alt KemancÄ± nesliyiz o ayrÄ± ama teklifi reddedemeyip geldiÄŸim bu mekanda da gÃ¶rdÃ¼m ki aslolan mÃ¼zik.. #Tuborg #100de100MUSIC #BeerHouse pic.twitter.com/XguA13t9HK",2018-11-09
TarafÄ±mÄ±z belli #tuborg  pic.twitter.com/4foQkQlP0b,2018-11-09
"#BiraYiyecekEÅŸleÅŸmesi Biraz meyve, biraz peynir; bu eÅŸleÅŸmede kullandÄ±ÄŸÄ±m yumuÅŸak peynir, gÃ¼Ã§lÃ¼ ve yoÄŸun bir tat bÄ±rakÄ±rken armuttan gelen destekle damaÄŸÄ± sadeleÅŸtirip lager tipi (#FrederikMarzenLager) biraya yer aÃ§Ä±yor.  #masalakÄ±n #yiyecektasarÄ±m #tuborg #bira #beer #brewmaster pic.twitter.com/XiFSkF4rww",2018-11-09
Enflasyon ile mÃ¼cadeleye sizde bi katkÄ±da bulunmaz mÄ±ydÄ±nÄ±z? #tuborg,2018-11-09
@tuborg #ÅŸehirlerserisi #biranÄ±zda neden #vankedisi deÄŸil de #vankedisiheykeli birasÄ± yaptÄ±nÄ±z?? O ÅŸehirdeki #kedi heykeli deÄŸil #kedi nin kendi o ÅŸehre ait olan!!! #tuborg #bira #beerâ€¦  https://www.instagram.com/p/Bp7palmhiM-/?utm_source=ig_twitter_share&igshid=1ojx5nat7ewxjÂ â€¦,2018-11-08
Bira kapaklarÄ±nda bedava Ã§Ä±ksÄ±n #efes #tuborg #bomonti #Carlsberg #beks...ğŸ‘ğŸ»ğŸ˜„,2018-11-07
Can sÄ±kÄ±ntÄ±sÄ± :) #cansÄ±kÄ±ntÄ±sÄ± #beer #tuborg #tuborggold #editing  https://www.instagram.com/p/Bp1xX6sBS6P/?utm_source=ig_twitter_share&igshid=1dhdl393qjcjcÂ â€¦,2018-11-06
"Yeniliklerin hastasÄ±yÄ±z.. #tuborg #beers @tuborg teÅŸekkÃ¼rler @ Ä°zmir, Turkey  https://www.instagram.com/p/Bpw28IQH4P77DZdzxHdpwkQBpudU88UZNm813k0/?utm_source=ig_twitter_share&igshid=8pqw7p02d2uwÂ â€¦",2018-11-04
BugÃ¼n #efes ve #tuborg sevip'de kavuÅŸamayanlara minnet'dar.,2018-11-04
"TekirdaÄŸ mÄ±? Ã‡orum mu? Ä°kisini de dene, tarafÄ±nÄ± seÃ§ :) #beer #bira #tuborg #tuborggold  https://www.instagram.com/p/BptyY7KAfF5/?utm_source=ig_twitter_share&igshid=19nm399pdiop1Â â€¦",2018-11-03
Maclari izlemek yerine J-day yapmis olmak dogru secimmis. #JuleBryg #Tuborg,2018-11-03
Mekanda iÃ§tiÄŸim biranÄ±n tadÄ± tekel bayiinden aldÄ±ÄŸÄ±m biradan farklÄ±.HoÅŸ bir aroma tadÄ± var.Tekellerdeki biralarda neden yok? #tuborg,2018-11-02
"Bir Ankara klasiÄŸi ,SoÄŸuk soÄŸuk #tuborg #KÄ±tÄ±r ğŸº pic.twitter.com/93Xiqd7dZf",2018-11-01
20 Haziran'dan bu yana en bÃ¼yÃ¼k destekÃ§ilerime teÅŸekkÃ¼rler sayelerinde bugÃ¼nleri de gÃ¶rdÃ¼m. #tuborg #bomonti,2018-10-30
Seni seviyorum aÅŸkÄ±m. #Tuborg  pic.twitter.com/Rk45ddaFop,2018-10-25
O zaman yarasÄ±n mÄ±? #Tuborg  pic.twitter.com/pUgmU5ZBZ8,2018-10-24
cheers!ğŸ» #tuborg #frederik (ÅŸiÅŸesi Ã§ok gÃ¼zel lan) pic.twitter.com/ie5hMDdz5J,2018-10-23
"Eskiden 1,5 milyona bira alÄ±yorduk 10 tane yarÄ±dan sonra Ä±lÄ±k iÃ§ilmiyordu ÅŸimdi 12liradan 3 tane alÄ±p soÄŸuk soÄŸuk iÃ§iyoruz saÄŸol #tuborg",2018-10-21
Verimli bir #cumartesi ve #tuborg  pic.twitter.com/7acD3dL9yP,2018-10-20
Kedileri severim Ã¶zellikle bira iÃ§enleri #kedi #efes #tuborg #bira pic.twitter.com/zJWVpOZhra,2018-10-20
#tuborg sen Danimarka birasisin. Alman yasalariyla ne isin olur? :)  pic.twitter.com/c3SoDQVBuE,2018-10-18
#tuborg gold 11 tl olmuÅŸ. SÃ¶ylemek istediÄŸim bu kadar,2018-10-18
Sadece tesadÃ¼f ğŸ’© #tuborg  pic.twitter.com/xAtcLbG7cH,2018-10-18
#BeniMutluEdenÅey sonra konuÅŸalim..bu gece olmaz...#raki #tuborg,2018-10-16
Eskiden 5 - 6 bira iÃ§meden kafamÄ±z gÃ¼zel olmazdÄ±. Alkol bu  kadar zam yiyince tek ÅŸiÅŸede sallanmaya baÅŸladÄ±k. Kapitalin insan biyolojisindeki kimyasal reaksiyonuna en gÃ¼zel Ã¶rnek. Not edin not. #tuborg #efespilsen,2018-10-16
KardeÅŸ tanÄ±tÄ±m klibi gibi fotoÄŸraf. KullanÄ±n ÅŸunu telif falan da istemiyorum. Yer salda gÃ¶lÃ¼ #Tuborg  https://twitter.com/19teppista05/status/1049827232380841986Â â€¦,2018-10-15
Bira yok arpa iÃ§in #tuborg #bira #zam pic.twitter.com/EzsIglCUeb,2018-10-14
EÄŸer bira iÃ§mek isterseniz kalitenin tek adresiyim #efes #tuborg,2018-10-14
tuborg cansÄ±n cannnn... #tuborg,2018-10-12
Ä°zin gÃ¼nÃ¼ uygulamasÄ± indiriyor..  #Tuborg  pic.twitter.com/TzWw3nnGPs,2018-10-11
Bira 13tl olmuÅŸ. YakÄ±n zamanda evde bira yapÄ±mÄ±na baÅŸlicam. Sizin sayenizde bir nesil kimyager oluyor. TeÅŸekkÃ¼rler #efes #tuborg #bomonti,2018-10-10
ben #tuborg olsam yollardÄ±m senden iyi reklam yÃ¼zÃ¼mÃ¼ bulacaklar :),2018-10-09
herkese mavi boncuk bu #tuborg,2018-10-09
GÃ¶nÃ¼llÃ¼ olarak milletÃ§e %10 indirim yapÄ±yoz. #rakÄ± #mey #tuborg #efes #yenirakÄ± #gÃ¶nÃ¼llÃ¼indirimistiyoz #bomonti,2018-10-09
Tuborg tayfasÄ± ğŸ˜ğŸ˜ #tuborg  pic.twitter.com/lzBQ4YIXqj,2018-10-06
Son zamlardan sonra Tuborg-Efes bira fiyatlarÄ± ğŸ˜­ğŸ˜­ğŸ˜­ Evde bira yapmak ÅŸart oldu. Var mÄ± konudan anlayan? . . . #tuborg #efespilsen #carlsberg #miller #amsterdam #corona #guiness #hoegardenâ€¦  https://www.instagram.com/p/Bol681oluG2/?utm_source=ig_twitter_share&igshid=op027vn8w72vÂ â€¦,2018-10-06
herkese Ä±yÄ± haftasonlarÄ±... cok Ä±cmeyÄ±n ... #tuborg #kÄ±rmÄ±zÄ±tuborg #tattoo  https://www.facebook.com/ERDEMTUG/posts/10156125763912701Â â€¦,2018-10-06
Åu ALMAN SAFLIK YASASI yazÄ±yoya bu #tuborg la bizi saf mÄ± yapmaya Ã§alÄ±ÅŸÄ±yolar acaba #efes i unutturdular bize,2018-10-06
"Haftasonu geliyor, tarafÄ±nÄ± seÃ§, maceraya baÅŸla ğŸ˜ğŸ˜ğŸ˜ . Efesâ€™Ã§i misin yoksa Tuborgâ€™cu mu? Neden? ğŸºğŸºğŸº . . . #efespilsen #tuborg #bira #beer #oktoberfest #biracandir #birakardesligi  https://www.instagram.com/p/Boix-sWFUgS/?utm_source=ig_twitter_share&igshid=1e9ugspuaxmctÂ â€¦",2018-10-05
Bira fiyatlarÄ± #tuborg #vietnam pic.twitter.com/2sFDMiDLQS,2018-10-05
Sizi soyup soÄŸana Ã§eviriyorum affedin #tuborg  pic.twitter.com/ArI7jno5Iw,2018-10-05
#anadoluefes yerli deÄŸil mi ki neden zam geldi onu anlamadik #beer #bira #efes #tuborg vs v.s,2018-10-04
Yorgunluk birasi ğŸ˜‚ nukhet_basbug ğŸ™ˆğŸ™‹â€â™€ï¸ğŸ’ğŸ˜˜ #birakeyfi #tuborg #aniyakala #objektifimden #beer #igglobolclub#hayatdevamediyor #bodrum #bodrumdabugÃ¼n #bodrumdayasam #kadrajÄ±mdanâ€¦  https://www.instagram.com/p/Bog4eyMAdVG/?utm_source=ig_twitter_share&igshid=1mdpv1yxy8toeÂ â€¦,2018-10-04
"Kitap ve bira... Kitap olmazsa olmaz, bira motivasyon iÃ§in ÅŸart. #PauloCoelho #ÅeytanveGenÃ§KadÄ±n #Tuborg  pic.twitter.com/lRm5O6c6f5",2018-10-03
"Yatakta #tuborg iÃ§ilmiyor fÄ±ndÄ±k fÄ±stÄ±k yiyiyorsun kabuklarÄ± yataÄŸa dÃ¶kÃ¼lÃ¼yor, sonra uyuamÄ±yorsun gece ... ben denedim gerÃ§ekten...  ğŸ¤”â˜ºâ˜ºâ˜ºğŸ¤—",2018-09-29
Bir eksik mi var sanki? #bira #tuborg #amsterdam #icki #iÃ§ki #sarhoÅŸ #sarhos  https://www.instagram.com/p/BoTNMIeBP47/?utm_source=ig_twitter_share&igshid=1v0z38z8jewcbÂ â€¦,2018-09-29
Bizde toplantÄ± buraya kadar ğŸ™Š@sadecemanty senerozdede ilknur_ozdede oonuralbayrak cetinzencirci #workshop #erkapetshop #tuborg #absolut @ The Hunger Piazza AVM  https://www.instagram.com/p/BoSK4XxB_Ev/?utm_source=ig_twitter_share&igshid=1l05qhw29wrsqÂ â€¦,2018-09-28
ğŸ˜ EÄŸleniyorlarsak sorun yok Devam o zaman Sizden naber #tuborg â¤ ğŸ’‹ ğŸ’ #antalya #antalyaswinger #swingerciftler #swingerantalya #softswinger #swingercift #istanbul #ankara #bursa #izmir #adana #Mersin #rize #diyarbakir #tekirdaÄŸ #muÄŸla #aydin #Burdur #Samsun #denizli #edirne pic.twitter.com/0RtGK10kkL,2018-09-26
ğŸ˜ Åiiitt sessizlik ğŸ˜‰  Biz iyiyiz sizler nasÄ±lsÄ±nÄ±z  #tuborg â¤ ğŸ’‹ ğŸ’ ğŸ‘„ #antalya #antalyaswinger #swingerciftler #swingerantalya #softswinger #swingercift #istanbul #ankara #bursa #izmir #adana #Mersin #rize #diyarbakir #tekirdaÄŸ #muÄŸla #aydin #Burdur #Samsun #denizli #edirne pic.twitter.com/dwfabdqLAx,2018-09-25
Sevgili #tuborg  Satiim mi fotoyu  pic.twitter.com/AiQXLmdes4,2018-09-22
Ben de misal o kapaÄŸÄ±n iÃ§inde ki plastiÄŸini yemeye bayÄ±lÄ±yorum. #tuborg asla sadece bira deÄŸildir.  https://twitter.com/remeyese/status/1043227873765740545Â â€¦,2018-09-21
kÄ±rmÄ±zÄ± tuborgu Ã¶zledim genÃ§liÄŸimi Ã¶zledim   :( #tuborg,2018-09-21
Frederik gel canÄ±m... #tuborg Rica etti tadÄ±yoruz. ÅiÅŸesi kare! DelirmiÅŸler  Brown ale â¤ï¸ Alkol dostunuz deÄŸildir ama #tuborg dostunuzdur.  pic.twitter.com/L6L3BgndQl,2018-09-21
#cocu aq bir paket Sigara iÃ§tim ya onuda geÃ§tim nasÄ±l yatÄ±cam en iyisi 3 tane #tuborg iÃ§ip hiÃ§ biÅŸe dÃ¼ÅŸÃ¼nmeden yatmak sabahÄ±da artÄ±k bir bardak soÄŸuk su iÃ§ip iÅŸe giderim,2018-09-21
#izin demek #pijama demek #dinlenmek demek #bira demek #huzur demek #Ã¶zgÃ¼rlÃ¼k demek ve daha bir sÃ¼rÃ¼ ÅŸey... #tuborg #kÄ±rmÄ±zÄ±tuborg #tuborgspecial ğŸ¤¡ğŸºğŸŒ pic.twitter.com/d6If2HY3Hv,2018-09-20
ÃœstlÃ¼k #Ã§ay #tea #gece #night #tuborg #beer  https://www.instagram.com/p/Bnwo0S_nYd_MNdm5Opy2NR4W3fDzKiQJx3qK140/?utm_source=ig_twitter_share&igshid=g4mtwqgyfjllÂ â€¦,2018-09-15
Bira iÃ§enlere bu sorum!!! ğŸ‘‡ğŸ‘‡ğŸ‘‡ğŸ‘‡ #tuborg mu yoksağŸ’› #efes mi iÃ§iyonuz â™¥ï¸,2018-09-15
Bir cumartesi akÅŸamÄ± klasiÄŸi... #tuborg #Cumartesi #bira pic.twitter.com/l7LXrl1Hmb,2018-09-15
"Kendimi harcÄ±yorum valla bu gÃ¼zel kare iÃ§in.. ğŸ’• #nofilter #sea #holiday #selfie #vacation #beer #tuborg @ Karaburun, Ä°zmir  https://www.instagram.com/p/Bnv_OIrB_CA/?utm_source=ig_twitter_share&igshid=11oicgh4nka6lÂ â€¦",2018-09-15
#Cumartesi gununun vazgecilmesi #tuborg sanada gunaydinnnn  pic.twitter.com/XTf7RAyWuU,2018-09-15
KafayÄ± kurtarÄ±nca memleketteki adaletsizliÄŸi tartÄ±ÅŸÄ±yoruz biralar Ã§ok hÄ±zlÄ± standart tÃ¼rk iÅŸi #tuborg  pic.twitter.com/951yQ92S4E,2018-09-15
"Kendimi harcamak pahasÄ±na da olsa, bu gÃ¼zel kareyi koymadan geÃ§emezdim... ğŸ’™ #nofilter #vacation #holiday #selfie #sea #infinity #beer #tuborg #pleasure @ Karaburun, Ä°zmir  https://www.instagram.com/p/BnuEP5VBFpc/?utm_source=ig_twitter_share&igshid=mvuct1jnrm80Â â€¦",2018-09-14
#tuborg#2005#TÃ¼rkiye#genÃ§#erkekler#ÅŸampiyonu#Antalya  https://www.instagram.com/p/Bns4UEdBgXOLex29IbN6ZMkMF_7wbiAygJbDnA0/?utm_source=ig_twitter_share&igshid=1vc2wcp5dry97Â â€¦,2018-09-14
"Adanaspor'un eski maÃ§larÄ±nÄ±, Turbeyler Grubun tribÃ¼n videolarÄ±nÄ± izleyip, Bira yudumlamak ve geÃ§miÈ™i dÃ¼È™Ã¼nmek ne gÃ¼zel bir duygu.  #TurbeylerGrubu #Adanaspor #Tuborg #GeÃ§miÈ™",2018-09-12
Yeni favorim. GÃ¼zel gece oluyor. #Tuborg #Frederik #IndiaPaleAle pic.twitter.com/9TGnNuTfTa,2018-09-12
"JANYA'DA ""orjinal"" Tuborg fÄ±Ã§Ä± bira kampanyasÄ± devam ediyor. Pazartesi , SalÄ± ve PerÅŸembe gÃ¼nleri 50 cl fÄ±Ã§Ä± 10, 30 cl fÄ±Ã§Ä± 8 tl.  #tuborg #fiÃ§Ä± #orjinal #bira #taksim #beyoÄŸlu #istiklal @â€¦  https://www.instagram.com/p/BnhdXSfhuAh/?utm_source=ig_twitter_share&igshid=2vtn7pyeyhg6Â â€¦",2018-09-10
DÃ¼nden bugÃ¼ne reklamlar #reklamlar #reklam #tuborg #bira pic.twitter.com/ayTyuANSA9,2018-09-10
Kim demiÅŸ Pazartesi akÅŸamÄ± iÃ§ilmez diye ğŸ˜‚ğŸ˜‚ğŸ»ğŸ» Belki yarÄ±n akÅŸam yine orada olabilirim ğŸ¤˜ğŸ¤˜#Watergarden #Watershow #Newcastle #Beer #Tuborg #Frendship #Mondayâ€¦  https://www.instagram.com/p/Bng6AAOhKp1LH29LyL8EpOIlMWic3hPQn-wmTA0/?utm_source=ig_twitter_share&igshid=14kb69hymr0c7Â â€¦,2018-09-09
Mutlu ayrÄ±ldÄ±ÄŸÄ±nÄ±z tek adres #41tekelshop #izmit #kocaeli #alkol #efes #birlikteguzel #tuborg @ 41 Tekel Shop  https://www.instagram.com/p/BncHWdSHli6/?utm_source=ig_twitter_share&igshid=1mz5om0tx0qj0Â â€¦,2018-09-08
Seni ne kadar sevdiÄŸimi anla artÄ±k #tuborg ğŸ˜  pic.twitter.com/SJ8r517IqF,2018-09-07
Iyi geceler herkese â˜º  Afiyet olsun bize ğŸ˜Š #tuborg â¤ @AslSiyah2 #ANTALYA #softswinger #antalyaswinger #swingerciftler #swingerantalya #swingersclub â¤ pic.twitter.com/O1iDpTTunu,2018-09-07
"#yorgundemokrat #emekÃ§i #alkolik #instagram #instaalevi #beer #bira #tuborg #calrsberg @ Ataturk Orman Ciftligi, Ankara, Turkey  https://www.instagram.com/p/Bnbh9aJj9wI-VYp7ZKyl4_nEWDR-7D7dbvU-aU0/?utm_source=ig_twitter_share&igshid=1nqzhceybbbu2Â â€¦",2018-09-07
TuborkÃ§ular haydi SKÃ–L!!ğŸ»ğŸºğŸ›¡ğŸŒ¬âš¡ #skol #skÃ¶l #cheers #tuborg #scotnational #scotspirit #vikings #visitscotland #tree #forest #prayforforest #irish #irland #6nations2018 #valhalla #paradiseâ€¦  https://www.instagram.com/p/Bna9lOUgOYw/?utm_source=ig_twitter_share&igshid=ugdqz8rj7rffÂ â€¦,2018-09-07
#tuborg ÅŸiÅŸe Ä±lk yudumda lÄ±k lÄ±k sesÄ± benÄ± bÄ±tÄ±rÄ±yo :))),2018-09-06
kac kere yemin ettim #tuborg sensiz yapamiyorum aaaaaaahhhhh bak yine geri geldim,2018-09-05
Ben #tuborg â€˜a Allah razÄ± olsun demiÅŸ adamÄ±m.,2018-09-04
Gecenin sÃ¼rprizi gecenin ÅŸanslÄ± masasÄ± teÅŸekkÃ¼r ederi #tuborg #bira #bear  https://www.instagram.com/p/BnUSY1hlI1X/?utm_source=ig_twitter_share&igshid=1r1xtfs1ogmx6Â â€¦,2018-09-04
Bir festivalin daha sonuna gelinir.. ve gÃ¶Ã§ baÅŸlar... teÅŸekkÃ¼rler zeytinli.. #zrf2018 #zeytinlirockfest #rock #festival #rockforever #yÃ¼zdeyÃ¼zmÃ¼zik #tuborg #redbull @ Zeytinli Rockâ€¦  https://www.instagram.com/p/BnQJmNZH1P8/?utm_source=ig_twitter_share&igshid=1go854u5qpabbÂ â€¦,2018-09-03
BayÄ±lana kadar seni iÃ§eceÄŸiz SÃ–Z #KIRMIZI #TUBORG  pic.twitter.com/dafSrDXs5N,2018-09-03
Mutlu keyifli pazarlar genÃ§ler...ğŸ˜ğŸ˜ğŸ˜ #keyiflipazarlar #dÃ¼zenli #iÃ§in #genÃ§ler #tuborg #gold #beer #bira @ GÃ¼mÃ¼ldÃ¼r Adahan  https://www.instagram.com/p/BnOQBhTgPED/?utm_source=ig_twitter_share&igshid=1ag80ngs6unhfÂ â€¦,2018-09-02
"YarÄ±n bekleriz 6 kutu #tuborg soÄŸutucu Ã§anta hediyeli (@ DoÄŸan Tekel Bayii Ã‡amcÄ± KÃ¶yÃ¼ in Edremit, BalÄ±kesir)  https://www.swarmapp.com/c/7BCOwrWoQimÂ  pic.twitter.com/odaAg5pC50",2018-09-01
#GeceyeBirNot #tuborg candÄ±rğŸ™‹ğŸ»â€â™‚ï¸  pic.twitter.com/NCz9Yv7Gdd,2018-09-01
Tepedeyiz yine #tuborg #bomonti pic.twitter.com/TkmbuVPUXe,2018-09-01
"Ãœlkede genel iÅŸleyiÅŸ mantÄ±ÄŸÄ±:saat 22 den sonra #bar,#birahane gibi yerlerde #alkol alabilirsin.Ama bir bira alÄ±p evde iÃ§emezsin ğŸ¤”#bira #efes #tuborg #yazakÅŸamlari #AlkolikHareketEngellenemez",2018-08-31
"#Galatasaray 'Ä± bira markasÄ± olarak, #EfesPilsen deÄŸil de, #Tuborg olarak yapsalar idi daha gÃ¼zel olurdu herhalde? ğŸ˜‰  pic.twitter.com/mcvq2DA3Jf",2018-08-30
#TUBORG'cuyuz ğŸ˜€  pic.twitter.com/jSKMassNfH,2018-08-29
AklÄ±mda yine sen gece olunca #tuborg âœŒï¸ğŸ‘ğŸ¤”,2018-08-29
Herkese mutlu gecelerğŸ˜ time #tuborg  pic.twitter.com/xnlwblErPY,2018-08-28
Ä°yi geceler istiyorsanÄ±z #tuborg #ÅŸart gerisi hikaye pic.twitter.com/ZfjndG72pt,2018-08-28
KÃ¶fteciyi hadÄ±m etmiÅŸler Bilader rahat olabilirsin artÄ±k ğŸ˜‚ #benimsanagÃ¼cÃ¼myetmez #tuborg ğŸº @monofaze53 pic.twitter.com/ReXJcCT258,2018-08-28
#ASELSAN #THYAO #PGSUS #YATAS #TTKOM #BANVT #IMKB #VESTL #KOZAA #KOZAL #SASA   Sabah ki Ã¶nerilerimden ; #BERA MÃœKEMMEL âœŒâœŒ #TUBORG yavaÅŸ yavaÅŸ ğŸ’ªğŸ’ª Bir #YATAS ta sorun var bakalÄ±m ne olacak ğŸ¤”  Hep beraber kazanicaz   Uyduruk hesaplara inanmayÄ±n,2018-08-28
"#Tuborg , #Efes ve #Bomonti birasÄ± iÃ§en 3 arkadaÅŸ  iÃ§mek iÃ§in buluÅŸurlar. SipariÅŸ zamanÄ±; biri Efes malt , diÄŸeri Bomonti filtresiz ister. Tuborg iÃ§en kiÅŸide soda sÃ¶yler. DiÄŸerleri ÅŸaÅŸkÄ±n ifadelerle bakarken Tuborg  iÃ§en "" Kimse bira iÃ§miyordu bende ortama uyayÄ±m dedim"" demiÅŸ.",2018-08-28
#efes bardaÄŸÄ±nda #tuborg iÃ§mek  pic.twitter.com/TaaAnBRYt8,2018-08-27
Biraz gÃ¼zelleÅŸeyim bari.  #tuborg,2018-08-25
Ben bunu gÃ¶rmemiÅŸim. YanÄ±na bi de gamalÄ± haÃ§ koyaydÄ±nÄ±z! #tuborg  pic.twitter.com/nectzjMooU,2018-08-24
#tuborg adamlarÄ±n dolabÄ±nda tuborg yoktu bizim sayemizde dolu artÄ±k.,2018-08-24
#tuborg 9 gÃ¼nlÃ¼k tatilde akdenizin sahillerini  tuborgun etiketleri ile sÃ¼sledik gÃ¶r bizi tuborg  pic.twitter.com/3wj5OTZili,2018-08-24
sen ne Ã§irkin biramÄ±zsÄ±n #tuborg,2018-08-23
#milyonfestmersin #carlsberg #tuborg @ KocahasanlÄ± Milyon Su Plaji  https://www.instagram.com/p/Bm1Y2eGnVcG/?utm_source=ig_twitter_share&igshid=ew7ozlzyxf2cÂ â€¦,2018-08-23
Ä°zmir BirasÄ± #Tuborg ğŸ˜ŠğŸ˜Š  pic.twitter.com/k1S5ybf1zg,2018-08-23
SoÄŸuk iÃ§iniz ... #tuborg #marmaris #bozburun #beerporn  kaplumbagadeden @ Moonlight Boutique Hotel Bozburun  https://www.instagram.com/p/BmvTF-wlG1i/?utm_source=ig_twitter_share&igshid=1qjtxu5zw0rrqÂ â€¦,2018-08-21
Vallah #tuborg ta olur yok dememğŸºğŸºğŸºğŸ˜‚ğŸ˜‚ğŸ˜‚,2018-08-21
"Bira, Cips, Film Ã¼Ã§genini kurduk Ä°yi Bayramlar HayÄ±rlÄ± Bayramlar #Tuborg",2018-08-21
serseri doÄŸdum serseri Ã¶lÃ¼cem... vvveeee son ğŸ˜ƒğŸ¤“ğŸ˜œğŸ¤˜ğŸ¤˜ğŸ¤˜ #teoman #serseri #mersin #erdemli #kocahasanlÄ± #festival #konser #canlÄ± #performans #aÄŸustos #cuma #cumartesi #pazar #tuborgâ€¦  https://www.instagram.com/p/BmrTk4Tj-EU/?utm_source=ig_twitter_share&igshid=1vmhvw7ys2jgkÂ â€¦,2018-08-20
#teoman #mersin #erdemli #kocahasanlÄ± #festival #konser #canlÄ± #performans #aÄŸustos #cuma #cumartesi #pazar #tuborg #yÃ¼zdeyÃ¼zmÃ¼zik @ KocahasanlÄ± Milyon Su Plaji  https://www.instagram.com/p/BmrQ4tnjw3s/?utm_source=ig_twitter_share&igshid=tjl5tdrdz0s7Â â€¦,2018-08-20
#teoman #renklirÃ¼yalaroteli #mersin #erdemli #kocahasanlÄ± #festival #konser #canlÄ± #performans #aÄŸustos #cuma #cumartesi #pazar #tuborg #yÃ¼zdeyÃ¼zmÃ¼zik @ KocahasanlÄ± Milyon Su Plaji  https://www.instagram.com/p/BmrMIEUDr8E/?utm_source=ig_twitter_share&igshid=15tzegs804qh8Â â€¦,2018-08-20
#haykocepkin #mersin #erdemli #kocahasanlÄ± #festival #konser #canlÄ± #performans #aÄŸustos #cuma #cumartesi #pazar #tuborg #yÃ¼zdeyÃ¼zmÃ¼zik @ KocahasanlÄ± Milyon Su Plaji  https://www.instagram.com/p/BmrFiCdDA8Q/?utm_source=ig_twitter_share&igshid=12kckqkm7epreÂ â€¦,2018-08-19
vvvveeeeee #haykocepkin ğŸ¤˜ğŸ¤˜ğŸ¤˜ burasÄ± yikiliyorrrr gardassss   #mersin #erdemli #kocahasanlÄ± #festival #konser #canlÄ± #performans #aÄŸustos #cuma #cumartesi #pazar #tuborg #yÃ¼zdeyÃ¼zmÃ¼zik  https://www.instagram.com/p/BmrBxItjSea/?utm_source=ig_twitter_share&igshid=4zcfclc301dsÂ â€¦,2018-08-19
#pamela #mersin #erdemli #kocahasanlÄ± #festival #konser #canlÄ± #performans #aÄŸustos #cuma #cumartesi #pazar #tuborg #yÃ¼zdeyÃ¼zmÃ¼zik @ KocahasanlÄ± Milyon Su Plaji  https://www.instagram.com/p/Bmq34ZBj4ZR/?utm_source=ig_twitter_share&igshid=8wyccxlwab5mÂ â€¦,2018-08-19
babalarrrrr helallll ğŸ¤“ğŸ˜ #babazula #mersin #erdemli #kocahasanlÄ± #festival #konser #canlÄ± #performans #aÄŸustos #cuma #cumartesi #pazar #tuborg #yÃ¼zdeyÃ¼zmÃ¼zik @ KocahasanlÄ± Milyon Su Plaji  https://www.instagram.com/p/Bmqur_CjWsm/?utm_source=ig_twitter_share&igshid=2nl0jgrr3og5Â â€¦,2018-08-19
#yÃ¼zyÃ¼zeykenkonuÅŸuruz #mersin #erdemli #kocahasanlÄ± #festival #konser #canlÄ± #performans #aÄŸustos #cuma #cumartesi #pazar #tuborg #yÃ¼zdeyÃ¼zmÃ¼zik @ KocahasanlÄ± Milyon Su Plaji  https://www.instagram.com/p/BmqmEELjNxp/?utm_source=ig_twitter_share&igshid=pxqxg9h0lzgrÂ â€¦,2018-08-19
Mutlu pazarlar #tuborg  https://www.youtube.com/watch?v=K5ZZU-yKZjw&feature=shareÂ â€¦,2018-08-19
#ÅŸebnemferah #mersin #erdemli #kocahasanlÄ± #festival #konser #canlÄ± #performans #aÄŸustos #cuma #cumartesi #pazar #tuborg #yÃ¼zdeyÃ¼zmÃ¼zik @ KocahasanlÄ± Milyon Su Plaji  https://www.instagram.com/p/BmovQYGjrCr/?utm_source=ig_twitter_share&igshid=tgtlpry3ytn5Â â€¦,2018-08-19
#ÅŸebnemferah #mersin #erdemli #kocahasanlÄ± #festival #konser #canlÄ± #performans #aÄŸustos #cuma #cumartesi #pazar #tuborg #yÃ¼zdeyÃ¼zmÃ¼zik @ KocahasanlÄ± Milyon Su Plaji  https://www.instagram.com/p/BmouXNzjYmR/?utm_source=ig_twitter_share&igshid=1mk4gpkw9j9s5Â â€¦,2018-08-19
#ÅŸebnemferah #mersin #erdemli #kocahasanlÄ± #festival #konser #canlÄ± #performans #aÄŸustos #cuma #cumartesi #pazar #tuborg #yÃ¼zdeyÃ¼zmÃ¼zikÂ  #Ã§akÄ±ltaÅŸlarÄ± @ KocahasanlÄ± Milyon Su Plaji  https://www.instagram.com/p/BmoryshD_yd/?utm_source=ig_twitter_share&igshid=19cpmy6jfrigjÂ â€¦,2018-08-19
#manga #mersin #erdemli #kocahasanlÄ± #festival #konser #canlÄ± #performans #aÄŸustos #cuma #cumartesi #pazar #tuborg #yÃ¼zdeyÃ¼zmÃ¼zikÂ  #birkadÄ±nÃ§izeceksin @ KocahasanlÄ± Milyon Su Plaji  https://www.instagram.com/p/BmonY8tDlsa/?utm_source=ig_twitter_share&igshid=s8hfcubbkl1jÂ â€¦,2018-08-19
#manga #mersin #erdemli #kocahasanlÄ± #festival #konser #canlÄ± #performans #aÄŸustos #cuma #cumartesi #pazar #tuborg #yÃ¼zdeyÃ¼zmÃ¼zikÂ  #cevapsÄ±zsorular @ KocahasanlÄ± Milyon Su Plaji  https://www.instagram.com/p/BmogLC3DPqr/?utm_source=ig_twitter_share&igshid=1gfcugdapr2nnÂ â€¦,2018-08-18
#zakkum #mersin #erdemli #kocahasanlÄ± #festival #konser #canlÄ± #performans #aÄŸustos #cuma #cumartesi #pazar #tuborg #yÃ¼zdeyÃ¼zmÃ¼zik #hatÄ±ranyeter @ KocahasanlÄ± Milyon Su Plaji  https://www.instagram.com/p/BmoJ0OHDeiS/?utm_source=ig_twitter_share&igshid=11m70pj7x60obÂ â€¦,2018-08-18
Sanki Alkolik olduÄŸumuz iÃ§in iÃ§iyoruz. Bilmiyorlar  buz gibi bir ğŸº alÄ±p apÄ±ÅŸ aramÄ±za koyup taÅŸaklarÄ±mÄ±zÄ±  soÄŸuttuÄŸumuzu ? #efes #tuborg #carlsberg,2018-08-18
Ã–zlediÄŸimiz hareketler bunlar #bira #tuborg #Gold #fÄ±Ã§Ä± #ucuz pic.twitter.com/1bFkP450wh,2018-08-18
O zaman dans... O zaman renk... #tuborg #beer #KeyifliAksamlar pic.twitter.com/VLT5vHDTcJ,2018-08-18
"Burdan da engellendiÄŸime gÃ¶re rahat rahat yazabilirim.. hak etmediÄŸim kadar Ã¼zdÃ¼n ya, sen cidden Ã¼zÃ¼lme.. benden daha iyisini hak ediyodun ama bu kadar sevilmeyi deÄŸil.... YaÅŸasÄ±n #tuborg",2018-08-17
2 gÃ¼nde 40'tan fazla #haber yazmÄ±ÅŸ ve #beyin devreleri yanmÄ±ÅŸ #muhabir halleri. Neyse ki yarÄ±n mesai yok ÅŸÃ¼kÃ¼r. #bira #tuborg #almansaflÄ±kyasasÄ±. #abd tamam da #almnaya 'yÄ± #boykotâ€¦  https://www.instagram.com/p/Bmi2px8jJDY/?utm_source=ig_twitter_share&igshid=uuazzjeoruypÂ â€¦,2018-08-16
Yerli ve milli #efes varken #tuborg iÃ§en vatan hayinidr.,2018-08-16
Sevgili tadÄ±nda Bira. #tuborg,2018-08-15
TÃ¼tsÃ¼ kafasÄ± son ÅŸiÅŸe  kalan #tuborg  pic.twitter.com/uq4teOgpKV,2018-08-14
Biz sevdik te ne oldu kimse kazanmadÄ± herÅŸey  normal  #tuborg,2018-08-14
Bizim spor salonlarÄ±n da protein tozuyla ÅŸiÅŸirdiÄŸimiz kaslarÄ±mÄ±z yok  Bizim geceler boyu ya isyan edip ya sevinip yada mazaretsiz iÃ§tiÄŸimiz biralarÄ±n gÃ¶beÄŸi var  #bomonti #Efes #tuborg,2018-08-13
YarÄ±ÅŸ sonrasÄ± klasiklermiz! #olmazsaolmaz #tuborg #kahrolsunefes #kabatepe @ Kabatepe BatÄ±k Gemi  https://www.instagram.com/p/BmbnM3rHDx8/?utm_source=ig_twitter_share&igshid=1bgxb4oovyp5iÂ â€¦,2018-08-13
#YerliMalÄ±Kullan mesela #tuborg iÃ§me Ã¼zerinde tÃ¼rk yazÄ±yor insanlar kanÄ±yor ğŸ’¯ israil malÄ± mesela,2018-08-13
Ä°Ã§tiÄŸim her bira yerine 1 #dolar alsaydÄ±m ÅŸu an evimin musluklarÄ±ndan #tuborg Malt akÄ±tacak kadar zengindim... Alkok bÃ¼tÃ¼n kÃ¶tÃ¼lÃ¼klerin anasÄ±dÄ±r. #iyigeceler,2018-08-12
Marlboro Sigara Paketi ve BMW Araba AnahtarÄ± GÃ¶rÃ¼nÃ¼mlÃ¼ Ã‡akmaÄŸÄ±n EksikliÄŸini Saymazsak Gayet GÃ¼zel Foto ğŸ¤” #bartender #cocktails #tuborg #marlboro #bar #alcohol #like4like #likeâ€¦  https://www.instagram.com/p/BmYg5zvAlO9/?utm_source=ig_twitter_share&igshid=8xx9htotiw7jÂ â€¦,2018-08-12
En iyi dost #tuborg  pic.twitter.com/cKsar5T5il,2018-08-11
Hem zevklere sahip olduÄŸumuz iÃ§in onurluyuz #tuborg #KemalSunal pic.twitter.com/XncrPoZ2eD,2018-08-08
Sevmeyeni sevdiler seveni Ã¼zdÃ¼ler. #tuborg  pic.twitter.com/wfT391fqdD,2018-08-08
AlkolÃ¼n yanÄ±nda en gÃ¼zel giden ÅŸey: mÃ¼zik  #tuborg #malt pic.twitter.com/Uj8RU58guv,2018-08-08
#tuborg tÃ n yeni bir lezzetle #frederik #ipa ile maÃ§a hazÄ±rÄ±z #benficafenerbahce  https://www.instagram.com/p/BmMEVUBH_-p/?utm_source=ig_twitter_share&igshid=4idf7sa1vcq9Â â€¦,2018-08-07
Sen Ne Efsane BirÅŸeysin ğŸ˜ƒ #Tuborg  pic.twitter.com/RtSSs748tH,2018-08-07
o kadar alkole Ã§ikolataya raÄŸmen fena deÄŸil. aksini iddia eden survivor nagihandÄ±rğŸ˜€ #chivas #tuborg #etikaram ğŸ˜€  https://www.instagram.com/p/BmG-9e5B6FX/?utm_source=ig_twitter_share&igshid=1jt5tw43dfa78Â â€¦,2018-08-05
Son 10 yÄ±lda yÄ±llÄ±k ortalama %30 kazandÄ±ran ÅŸirketler ;   #ASELS #EGEEN #SASA #SODA #LOGO #ADEL #THY #Ä°NDES #HEKTAS #TUBORG #DATAGATE #BORUSAN pic.twitter.com/cpoH8i6vTX,2018-08-05
#tuborg simdi biraz kafamizi guzellestirecegiz,2018-08-05
Severiz kÄ±rmÄ±zÄ±yÄ± ğŸ˜ #tuborg  pic.twitter.com/QXMuRDngp1,2018-08-04
#milyonfestdalaman #yÃ¼zdeyÃ¼zmÃ¼zik #tuborg #milyonyapÄ±m @ MuÄŸla Province  https://www.instagram.com/p/BmEfo43AZd-dS0uInugKmMFsRelGF6Sj3fqGcw0/?utm_source=ig_twitter_share&igshid=en0ok6z03i20Â â€¦,2018-08-04
#DÃ¼nyaBiraGÃ¼nÃ¼ sizlik biÅŸey yok ğŸ¤«ğŸ˜‚ #tuborg â¤  pic.twitter.com/wTT4kT6yZT,2018-08-04
Janya'da orjinal fÄ±Ã§Ä± tuborg kampanyasÄ± bu yaz da devam ediyor... #istanbul #beyoÄŸlu #taksim #tuborg #bira #malt #buzgibibira #muzik #tiyatro #sanat @ Janya Cafe  https://www.instagram.com/p/Bl-dHAChivG/?utm_source=ig_twitter_share&igshid=kckhm9ckflszÂ â€¦,2018-08-02
BeÄŸenmeyen dinlemesin. ğŸ˜‰ #tuborg #tuborgkÄ±rmÄ±zÄ± #birakeyfi. pic.twitter.com/lo7B4aypvx,2018-08-02
#Tuborg Frederik serisi ğŸºğŸ‘ğŸ¼  pic.twitter.com/KxyVx44nqH â€“ at BPR Guest House,2018-08-01
@oris_beach_bar de aksam saatinde soguk bir #tuborg .. bundan daha guzel ne olabilir ki #thankful #hayatagulumse  https://ift.tt/2mZb1njÂ  day before first day,2018-07-31
@oris_beach_bar de aksam saatinde soguk bir #tuborg .. bundan daha guzel ne olabilir ki #thankful #hayatagulumse  https://ift.tt/2mY2QaAÂ  pic.twitter.com/KLnZ9P8ihy,2018-07-31
#Tuborg beni iÅŸe alsanÄ±za tweeti..,2018-07-30
Ä°yi gidiyor ne yalan sÃ¶yleyeyim ğŸ˜‚ #tuborg #ehliyetsinavi pic.twitter.com/pJQiRgGgV9,2018-07-30
KapÄ±na kÄ±rmÄ±zÄ± #tuborg bÄ±raktÄ±m..,2018-07-30
#tuborg  mu iÃ§iyorsun #efes mi ğŸ¤”ğŸ˜‚,2018-07-29
#29TemmuzDÃ¼nyaGÃ¼zellikGÃ¼nÃ¼ kafamizin guzelliginden bahsediyorsunu degil mi? Mesaji aldim. Uygulamaya geÃ§iyorum. #Tuborg,2018-07-29
Soguk bira zamani #Tuborg,2018-07-29
Forvet gelmez Ve Gka aÃ§Ä±lmazsa  bunu iÃ§erim !  @AdanasporResmi @ErkinDYGN @ibrahimakgul @furkanakgull   Zindanlar neye yarar biz sana vurulmuÈ™uz #Adanaspor #Tuborg #AdamGibiBira  Biz yine tuborga devam. pic.twitter.com/4kjqR1Bkt1,2018-07-27
Nabza gÃ¶re ÅŸerbetÃ§i otu ğŸ˜‚ğŸŒ¾ #tuborg #100de100bira #prideday #adamgibibira #advertising #marketing pic.twitter.com/og7bdp7cxr,2018-07-27
"Relax... #Che #Beer #Night #Puro #Cigar #Cigarillo #Tuborg #Home @ Ã‡anakkale, Turkey  https://www.instagram.com/p/BltY-CzAmU8/?utm_source=ig_twitter_share&igshid=1w9soqjdmjqubÂ â€¦",2018-07-27
"Tuborg candÄ±r demiÅŸmiydim. #Ã§anakkale #ezine #geyikli #bozcaada #tuborg #tuborgcandÄ±r @ Geyikli, Canakkale, Turkey  https://www.instagram.com/p/BltTnr-h2Kk/?utm_source=ig_twitter_share&igshid=l95t1a05imxlÂ â€¦",2018-07-26
18 kiÅŸi arabaya binersen hamile kalÄ±rsÄ±n #tuborg  pic.twitter.com/PHrC4snPAb,2018-07-26
"#Ã§anakkale #ezine #geyikli #bozcaada #tuborg #tuborggold #tuborgcandÄ±r @ Geyikli, Canakkale, Turkey  https://www.instagram.com/p/BloWcR-h6qv/?utm_source=ig_twitter_share&igshid=v48bglnki95tÂ â€¦",2018-07-25
"BahÃ§e keyfi #izmir #tuborg #keyif #bahÃ§e #muhabbet #sohbet @ Ã‡atalca, Izmir, Turkey  https://www.instagram.com/p/BliYK90AHP_wh12nXIQ_pVL4VNvKxRuHIHcDBk0/?utm_source=ig_twitter_share&igshid=ji2389qon01oÂ â€¦",2018-07-22
Bunu sÃ¶ylemekte bir beis gÃ¶rmÃ¼yorum ama bugÃ¼n hala #tuborg birasÄ±nÄ±n satÄ±lÄ±yor olmasÄ±nÄ±n altÄ±nda gizemli bir ÅŸeyler arÄ±yorum. O tat ile iÃ§ilebilitoe olmasÄ±nÄ±n baÅŸka anlamÄ± olamaz.,2018-07-21
Ä°yi mi geceler #tuborg  pic.twitter.com/yJTJCURgwg,2018-07-21
"Ekonomik kriz iyiden iyiye kendisini hissettirmeye baÅŸladÄ± maalesef ,bu yÄ±l tatil iÅŸi zor, Ã¼stelik dÄ±ÅŸarÄ±da'da sosyalleÅŸmiyoruz ,anca teras da #tuborg  takÄ±lmaca .",2018-07-21
"HaykÄ±ran dÃ¼nyaya aÅŸaÄŸÄ±ya #tuborg #bira #sapanca #sapancagÃ¶lÃ¼ #sakarya @ Sapanca, Sakarya, Turkey  https://www.instagram.com/p/Blfb4IZAuR8D-Z-nsRm4HtMztqpNv3S8WyWmE40/?utm_source=ig_twitter_share&igshid=1sz4enkef87hfÂ â€¦",2018-07-21
Madem hepimizin sonu morg o zaman yaÅŸasÄ±n #tuborg  pic.twitter.com/7WNLR42EiC,2018-07-21
Åu sarÄ± #tuborg birasÄ±nÄ±n 8.75 tl olmasÄ± beni Ã§ok Ã¼zÃ¼yor. Biraz daha pahalÄ±laÅŸmasÄ± lazÄ±m..,2018-07-20
Saatim yok tam olarak bilemem Biraz bira biraz ÅŸarap Ã¶nceydi NasÄ±l oluyor vakit bir tÃ¼rlÃ¼ geÃ§mezken YÄ±llar hayatlar geÃ§iyor... #tbtğŸ”™ #birazbira #tuborgâ€¦  https://www.instagram.com/p/Bladuh_AUrw5axpJecKLk9bnOdeDBDDJQ15bds0/?utm_source=ig_twitter_share&igshid=16qcfxdtf3y16Â â€¦,2018-07-19
KaÃ§ tane veriyim? #tuborg  pic.twitter.com/JNzHlJfnP2,2018-07-19
Ve sen dÃ¼nyanÄ±n en gÃ¼zel manzarasÄ±  #Tuborg  pic.twitter.com/lFPvpWpzdL,2018-07-18
Åu zor gÃ¼nleri bi atlatayÄ±m en azÄ±ndan diÄŸer gelecek zor gÃ¼nlere kadar azÄ±cÄ±k daha toparlanmÄ±ÅŸ olurum.#tuborg  pic.twitter.com/KQRKJhf3hl,2018-07-18
BunaltÄ±cÄ± gecelerde tek dost vardÄ±r....  #tuborg #adamgibibira  KALP KALP KALP,2018-07-16
@blancobuffalo hoÅŸgelmiÅŸ #konser #whitebuffalo #istanbul #kÃ¼Ã§Ã¼kÃ§iftlikpark #geldik #gezdik #gÃ¶rdÃ¼k #tuborg @blancobuffalo abi sahnen iyi tebrik eder baÅŸarÄ±larÄ±nÄ±n devamÄ±nÄ± dilerim  ğŸ˜‚ğŸ˜‚â€¦  https://www.instagram.com/p/BlTjjVbg0cr/?utm_source=ig_twitter_share&igshid=1onkj8oa1as9oÂ â€¦,2018-07-16
AÃ§Ä±klama sizden #Ã§aylak #tuborg @ Ã‡aylak Beach Clup  https://www.instagram.com/p/BlQmmTNnpQv/?utm_source=ig_twitter_share&igshid=866mheau6e2oÂ â€¦,2018-07-15
Tuborg Frederik !!!  Lansman KampanyasÄ± FotoÄŸraf Ã‡ekimi ! ğŸ“¸âœ¨ ğŸ“·FotoÄŸraf: GÃ¶khan GÃ¶kmen ğŸ¨Retouch: Tolga Ã‡elikel ğŸ¦MÃ¼ÅŸteri: Tuborg âœï¸Ajans: Espas . . . . #tuborg #frederik #beer #beerphotography #beerphoto...  https://www.facebook.com/277058052328836/posts/2191530807548208/Â â€¦,2018-07-15
Yine #tuborg iÃ§erken ğŸ»  pic.twitter.com/ydoOJHIblJ,2018-07-14
YaÅŸasÄ±n #tuborg  pic.twitter.com/csj5PejzXR,2018-07-13
on kere istedim bistrolar temiz deÄŸil burada iÃ§kiyi satÄ±yorlar ama. Sonra boka bassan biz sÄ±Ã§madÄ±k derler burnunun ucu koksa biz alÄ±ÅŸtÄ±k diyenler gibi. #tuborg #calsberg @Tuborggiller @calsberg pic.twitter.com/U5nEzFsyr3,2018-07-13
Sol Diyorum Sana Sol .. #edosultan #bomonti #tuborg  pic.twitter.com/Z95ZYpc4BW,2018-07-13
Cinsiyet Ã¼zerinden pazarlama yapmak ticari ahlaka uyuyor mu sevgili #tuborg ?  pic.twitter.com/1LCUVkg7Zn,2018-07-11
Bizi de Ã¼zdÃ¼ler bizde #Tuborg Ã¼yeliÄŸi aldÄ±k,2018-07-10
#belgiumğŸ‡§ğŸ‡ª #worldcup2018 #edenhazard #romelulukaku #tuborg #adress #winner #liked #live #love #life @ Fetiye Kordon  https://www.instagram.com/p/BlD6UokHRihdhjqnvc22PnLXoAvqBX4qYueYLw0/?utm_source=ig_twitter_share&igshid=18sero3i67rwjÂ â€¦,2018-07-10
Anlatacak birÅŸey var #photography #kabakkoyu #tuborg #camping #sunset #fethiye @ Kabak Koyu  https://www.instagram.com/p/BlDYHCkhDAq/?utm_source=ig_twitter_share&igshid=q7fxs0ovr30uÂ â€¦,2018-07-10
RÃ¼yamizda 15 gÃ¼n #tuborg shotlar gÃ¶rmessek iyi xd #AlkoldeTÃ¼ketimBoykotu,2018-07-09
Belkide elinden gelenin fazlasÄ±nÄ± yapÄ±yordur #kÄ±rmÄ±zÄ± #tuborg hamak sallansÄ±n da mutlu olsun diye kimbilebilirki .  pic.twitter.com/sJLraMQr0d,2018-07-09
Hangi birayÄ± daha Ã§ok seviyorsunuz ?  #TemptationIsland #BizYastayÄ±z #NewEraWithErdogan #efesbilsen #tuborg #carlsberg,2018-07-09
"Rahat bir uyku iÃ§in, akÅŸam 1 kadeh viski ya da 2 ÅŸiÅŸe #tuborg iÃ§in.. #Aesderki",2018-07-09
"JANYA'DA BÄ°RA KAMPANYASI DEVAM EDÄ°YOR.  Pazartesi, SalÄ± ve PerÅŸembe gÃ¼nleri; Tuborg 50 cl fÄ±Ã§Ä±: 10tl Tuborg 33 cl fÄ±Ã§Ä±  8 tl. AyrÄ±ca mevsime gÃ¶re bira ikramlarÄ±... #tuborg #fÄ±Ã§Ä± #biraâ€¦  https://www.instagram.com/p/BlAwfE8BDxq/?utm_source=ig_twitter_share&igshid=1qo31c6hr2gusÂ â€¦",2018-07-09
BÃ¶yle de gÃ¼zel bir fotoÄŸraf. #tuborg #doÄŸa #ENDURO pic.twitter.com/NoaaTKiZza,2018-07-09
#tuborg #adamgibibira #beer  Seviyoruz bu hayatÄ±ğŸ˜‰ pic.twitter.com/HEHEO3epWj,2018-07-08
MutluluÄŸun resmi ya ÅŸerefsizim.  #Tuborg  pic.twitter.com/jxfNMseab6,2018-07-08
Cumartesi akÅŸamlarÄ± iÃ§ilmeyecek ise pazar gÃ¼nÃ¼nÃ¼n ne Ã¶nemi var ğŸ˜Š #afiyetolsun #tuborg #tuborgshot #taksim #beyoÄŸlu #iyigeceler https://www.facebook.com/kafasiguzellerplatformu/videos/10156757145233706/Â â€¦,2018-07-08
"Kariyerimin en gÃ¼zel tuzlu fÄ±stÄ±ÄŸÄ±nÄ± yiyorum. BÃ¶yle biÅŸey olamaz, yÄ±llardÄ±r gdoâ€™lu yiyomuÅŸum gibi,, 3 tabak yerim bu akÅŸam. MaÃ§ da var, #tuborg da var.  pic.twitter.com/RFLIjPcOHt",2018-07-07
#Keyfim #Yerinde #Tuborg #Haribo #GÃ¼neÅŸ #Deniz #Tatil #Happy #Blonde #Lancome #Lancaster #EdataÅŸpÄ±naryaÄŸÄ± :))ğŸ˜‚ğŸºğŸ˜ğŸ’› @ TÃ¼rk BÃ¼kÃ¼  https://www.instagram.com/p/Bk7g8-FBCAok8vmb0Vxb84TjWpE9X3yiMqlP8Q0/?utm_source=ig_twitter_share&igshid=1whl0rozypzfkÂ â€¦,2018-07-07
#tuborg yanÄ±nda Ã§iÄŸkÃ¶fte olmaz ğŸ¤¦â€â™‚ï¸ğŸ˜ƒ #ProtestoEdiyorum pic.twitter.com/8H2Kcv8X31,2018-07-07
"Kuzey Avrupa'nÄ±n katlanamadÄ±ÄŸim tek Ã¶zelliÄŸi yavaÅŸlÄ±klarÄ±. Bira alana kadar ayÄ±lÄ±yorum, iÅŸ baÅŸa dÃ¼ÅŸtÃ¼... ne veriim abime?  #Roskilde #Roskilde18 #rf18 #tuborg #bira #beer #pivo @ Roskildeâ€¦  https://www.instagram.com/p/Bk5cgURlPPK/?utm_source=ig_twitter_share&igshid=4uoaruf9sq4mÂ â€¦",2018-07-06
Ä°Ã§ki bile bana kÄ±ymet verin diye zam getirmiÅŸ kendinee yudum yudum iÃ§iyorum seni merak etme #tuborg #efes,2018-07-06
Hahahhahaha doÄŸru bildiÄŸiniz yanlÄ±ÅŸlar var ğŸ˜‚ğŸ˜‚ #alkol #alkolik #tuborgshot #tuborg #tuborgmalt #efespilsen #alkolikhareketengellenemez #Edirne #istanbul #izmir #gaziosmanpaÅŸa https://www.facebook.com/kafasiguzellerplatformu/videos/10156749451238706/Â â€¦,2018-07-05
9 Liraya #Tuborg mu olur..  abv  pic.twitter.com/j8PbXg4Rsi,2018-07-04
"Bir saat Ã¶nce 7,75â‚º Ã¶dediÄŸim biraya ÅŸuan 8,75â‚º Ã¶dedim... Kahrolsun akepe hÃ¼kÃ¼meti..! Kahrolsun zamlar..! #Zam #Tuborg  pic.twitter.com/rlsUB2xJ4r",2018-07-03
Ä°kiye on kala #tekirdag #saray #tuborg  pic.twitter.com/A7ujVhtFno,2018-07-03
RahatlÄ±ÄŸÄ±n bÃ¶ylesi ğŸ‘ğŸ» #tuborg #nargilekeyfi @ Sugar Beach Club  https://www.instagram.com/p/BkxayvgA6TiDXEmM2tiXnOH4QEoLb-NL8Hpwqo0/?utm_source=ig_twitter_share&igshid=1gmo364suoahzÂ â€¦,2018-07-03
Biz bu biranÄ±n kÃ¶peÄŸiyiz :d #tuborg  pic.twitter.com/hmOkYepATw,2018-07-02
Size sektÃ¶rÃ¼ Ã¶zetleyeyim:  #tuborg  pic.twitter.com/A43CEqLilh,2018-07-01
GÃ¼nlerden bir gÃ¼n semtte iÃ§iyoruz ğŸ™ƒ #kÄ±zkulesi #Ã¼skÃ¼dar #Ã¼skÃ¼darsahil #salacak #harem #karlÄ±k #tuborg #efes #instagood #instadaily #like4like #night #ayÃ¼kÃ¼nmÃ¼ @ KÄ±z Kulesi  https://www.instagram.com/p/Bks5rT-B_aB/?utm_source=ig_twitter_share&igshid=vn2hwwcd3mtkÂ â€¦,2018-07-01
Danimarka birasini TÃ¼rkiyeâ€™de satÄ±yorsun gidip Almanâ€™lara soruyorsun. Bu ne yahu amk ? #tuborggold #tuborg  pic.twitter.com/z3YVXCNHa7,2018-07-01
Seni Ne Kadar SevdiÄŸimi Anlatamam Sonra DiÄŸerleri KÄ±skanÄ±r #genÃ§ler ...ğŸ˜ğŸ˜ğŸ˜ #seviyoruz #alkolÃ¼ #saÄŸolsun #dimi #genÃ§ler #tuborg #keyiflipazarlar #gÃ¼mÃ¼ldÃ¼r #izmir #tÃ¼rkiye @ GÃœMÃœLDÃœR  https://www.instagram.com/p/BksNNfVgU-l/?utm_source=ig_twitter_share&igshid=uqyji44cdiaoÂ â€¦,2018-07-01
#tuborg #adamgibibira sponsorsuz reklam pic.twitter.com/HHvRv4iZKf,2018-07-01
VazgeÃ§ilmez ikilim @bilgeyts03 #tuborg  pic.twitter.com/shuhY6ftp7,2018-07-01
Sovuk duman nasÄ±l da yakÄ±ÅŸÄ±yor cancazÄ±ma <3 #tuborg  pic.twitter.com/RAYgJJyuig,2018-06-30
"GÃ¼zel ÅŸeyler hiÃ§ bitmesin, mesela #Tuborg gibiii ğŸ’•",2018-06-30
#tuborg herzaman heryerde  pic.twitter.com/XTNpVkmfxK,2018-06-29
Kapat git bir yere aÃ§ gÃ¼zel bir #Tuborg ver keyfin dinine ğŸ˜‰,2018-06-29
#SevgiliArÄ±yorum #tuborg Benimle con con kafesinde degil sokaklarda.sahillerde kirmizi icecek benim gibi olacak hayati en yakin kankam gibi paylasacak.Ayrica bildigi dogrudan donmeyecek.Yenmis tirnaklari olacak.Hayati barbiden degil harbiden yasayacak sevgili ariyorum .....  pic.twitter.com/rSanQLricj,2018-06-29
Bedeninin terlemesine bayiliyorum #tuborg ğŸ¤ª  pic.twitter.com/pSYJyjUsMi,2018-06-28
Yorulduk ğŸ˜ hak ettik ğŸ˜ #beer #tuborg  https://www.instagram.com/p/Bkk0ACTnizADgpDTxF12W6ANLrKTAPW1HjNlpc0/?utm_source=ig_twitter_share&igshid=6nk896ra83ynÂ â€¦,2018-06-28
Sen neden bu kadar GÃ¼zelsin Tuborg ?  #tuborg #summerofholiday #Enjoy pic.twitter.com/G4F9zOcckN,2018-06-28
#tuborg  bu sÄ±cakta en gÃ¼zeli  pic.twitter.com/SlwpyRrZRq,2018-06-27
ğŸŒ³aÄŸaÃ§ yaÅŸken eÄŸilir #tuborg @ KaÅŸ  https://www.instagram.com/p/Bkh4DjfhpyP/?utm_source=ig_twitter_share&igshid=1jdzcglfhapjdÂ â€¦,2018-06-27
Pistleri trollemeye gelmiÅŸ gibi hunharca oynamak teÅŸekkÃ¼rler #tuborg,2018-06-26
"Ha bu arada kordonda ampÃ¼llÃ¼ bayrak sallayan suriyelilerin sponsoru ise #tuborg idi.. Gece yarÄ±sÄ± vakti, dÄ±ÅŸÄ± buzdan buÄŸu yapmÄ±ÅŸ ÅŸekilde...",2018-06-25
10 tane arkadaÅŸtan daha iyidir #tuborg ğŸ˜  pic.twitter.com/IYOX61oMTc,2018-06-24
Millet olarak kafamÄ±z Ã§ok karÄ±ÅŸÄ±k (BugÃ¼n ben)ğŸ˜‚ğŸ˜‚ #saturday #free #holiday #gym #cool #rest #weekend #beer #tuborg #efes #yeniraki #like #like4like @ Siesta MeÅŸeli Park  https://www.instagram.com/p/BkXmd1TBM28/?utm_source=ig_twitter_share&igshid=baiu9svulpizÂ â€¦,2018-06-23
"#bodrum #yalÄ±kavak #seamen #instagood #tuborg #sunsed âœ…âœ… @ YalÄ±kavak, MuÄŸla, Turkey  https://www.instagram.com/p/BkVh00Tnw92/?utm_source=ig_twitter_share&igshid=1iofrmczf67maÂ â€¦",2018-06-22
suanda efesde snÄ±per olarak calÄ±syom takÄ±p fÄ±rma Tuborg sorumlusuyla sureklÄ± karsÄ±lasÄ±lasÄ±yoruz yakÄ±nda yemege cÄ±kcaz hahha duymasÄ±nlar #efes #tuborg ğŸ˜€,2018-06-22
Kelle basi 100 erden iyi para beni neden cagirmadiniz vekilim 1 gecelik kirmizi parasini cikarmistim ğŸ˜‚ #tuborg,2018-06-20
Mesai sonrasÄ± uyku Ã¶ncesi ne gÃ¼zel geldin beee #tuborg  pic.twitter.com/kB0IyfpKJ0,2018-06-20
HerÅŸeyin baÅŸÄ± mutluluk o da tuborg sokaÄŸÄ±ndan geÃ§er #tuborg ğŸ™ŒğŸ™ŒğŸ™Œ @kafamhepmatiz ğŸ˜‚ğŸ˜‚ pic.twitter.com/6QCyBPXOqd,2018-06-19
"Mademki sonumuz Morg , yaÅŸasÄ±n sarÄ± kÄ±rmÄ±zÄ± #Tuborg ğŸ˜‰ (@ MecidiyekÃ¶y - @sislibelediyesi in ÅiÅŸli, Ä°stanbul)  https://www.swarmapp.com/c/4HvYAdCUTgfÂ  pic.twitter.com/GXIvWiBUQI",2018-06-17
Ã–zlemiÅŸim sizi #tuborg #bomonti,2018-06-15
TakipÃ§i sayÄ±m 100 e ulaÅŸÄ±nca Ã§ekiliÅŸlere baÅŸlÄ±yorum ğŸ¤—ğŸ’«ğŸ˜‰ #Ã§ekiliÅŸ #Ã§ekiliÅŸvar #bedava #viski #tekila #bomonti #rakÄ± #tuborg yupppiiiii ğŸ˜ğŸ˜,2018-06-15
"YarÄ±n kokunu hissedicem,yarÄ±n seni Ã¶pÃ¼p kokluycam. Az kaldÄ± sevgilim dayan #tuborg",2018-06-14
anayasaya gÃ¶re ben #Tuborg 'un da paÅŸasÄ±yÄ±m  pic.twitter.com/3bVVykjybv,2018-06-13
Ben onun da paÅŸasÄ±yÄ±m  #Tuborg  pic.twitter.com/NlBSpcaMA9,2018-06-11
"Ã‡ok yazdÄ±m ceplerime sÄ±ÄŸmayacak kadar Ã§ok. Sonra hepsini yÄ±rttÄ±m,sonra aÅŸka olan inancÄ±mÄ± kaybettim, sonra bidaha kimseyi sevmedim. Kimse iÃ§in icmedim, kimse iÃ§in aÄŸlamadÄ±m. FarkÄ±nda olmamÄ±ÅŸÄ±m ama herÅŸeyimi gideeken almÄ±ÅŸsÄ±n. #ayrilik #SiirSokakta #siir #rakÄ± #tuborg #gece",2018-06-11
â€˜Adam gibi biraâ€™ kadar â€˜en iyisini annem bilirâ€™ de cinsiyetÃ§i bir sÃ¶ylem #tuborg #civil,2018-06-11
DÃ¼nya kupasÄ± baÅŸlÄ±yor ama iÃ§ki stoÄŸum yok. Acil bu twiti tuborg bey abimizin timelineÄ±na dÃ¼ÅŸÃ¼rÃ¼p dÃ¼nya kupasÄ± boyunca Ã¼cretsiz bira iÃ§ebilmem iÃ§in rt leyin cancaazlarÄ±m #tuborg @Tuborg,2018-06-11
"Ä°ki gÃ¼n carlsberg iÃ§tim, piÅŸman deÄŸilim sanÄ±rÄ±m senden vaz geÃ§tim, beni affet #tuborg",2018-06-10
Bist ÅŸirketleri son 5 yÄ±lda ki net satÄ±ÅŸ rakamlarÄ± deÄŸiÅŸimi. #bist #bist100 #bist30 #thyao #froto #bimas #toaso #mgros #doas #slck #isdmr #asels #pgsus #trkcm #boyner #zoren #aksa #brsan #krdmr #krvtas #aken #tuborg #egeprof #yatas #beyaz #cmtas #parsn #logo #hekts #afyon pic.twitter.com/Z8h8MAwQ11,2018-06-08
duy beni #Tuborg A.Å,2018-06-07
"YaÅŸamak hep bÃ¶yledir, su biter seller durmaz #yalnizlik #ayrilik #kaybedenlerklubu #SiirSokakta #siir #gece #raki #tuborg",2018-06-04
UmutsuzluÄŸa dÃ¼ÅŸtÃ¼ÄŸÃ¼nde buzdolabÄ±nda duran bir sonraki #Tuborg 'u dÃ¼ÅŸÃ¼n.  slogan olur bu.,2018-06-03
"Bak aklÄ±ma dÃ¼ÅŸtÃ¼ yine , ne yapÄ±yordur acaba ÅŸimdi bira dolabÄ±nda Ã§ok soÄŸumuÅŸ mudur ki acaba! Dayan #tuborg buluÅŸmamÄ±z yakÄ±ndÄ±r ğŸˆ",2018-06-03
#tuborg reklami reklam bÄ±ramÄ±zÄ± isteriz ğŸ¤—  pic.twitter.com/U3gYHhnlOy,2018-06-03
"Yine severmiydin beni, simsiyah duman olsaydÄ±m #yalnizlik #ayrilik #kaybedenlerklubu #SiirSokakta #siir #gece #raki #tuborg",2018-06-01
"Bilmiyorum ne haldayÄ±m, gidiyorum gÃ¼ndÃ¼z gece.. #yalnizlik #ayrilik #kaybedenlerklubu #SiirSokakta #siir #gece #raki #tuborg",2018-06-01
â€œBirayÄ± bÄ±rakmayÄ±n. Bira kesintisiz akan kandÄ±r. Bira sonsuz sevgilidirâ€  #Efes #bomonti #tuborg  pic.twitter.com/mSXiEN8G5n,2018-05-28
Bi serinlik...#izmir #tuborg #midyeevi pic.twitter.com/j9VGjZj8uM,2018-05-27
GÃ¶zyaÅŸlarÄ±nÄ±zÄ± Ã¶nemsemeyen insanlarÄ± hemen hayatÄ±nÄ±zdan Ã§Ä±karÄ±n... #yalnizlik #ayrilik #kaybedenlerklubu #SiirSokakta #siir #gece #raki #tuborg,2018-05-26
"Yine bana haram geceler, senin iÃ§in aÄŸlÄ±yorum... #yalnizlik #ayrilik #kaybedenlerklubu #SiirSokakta #siir #gece #raki #tuborg",2018-05-22
Bazen o kadar kÄ±rÄ±lÄ±rsÄ±n ki iÃ§inden yazmak bile geÃ§mez... #yalnizlik #ayrilik #kaybedenlerklubu #SiirSokakta #siir #gece #raki #tuborg,2018-05-22
Hangi kalem yazmÄ±ÅŸ benim yazÄ±mÄ±... #yalnizlik #ayrilik #kaybedenlerklubu #SiirSokakta #siir #gece #raki #tuborg,2018-05-22
#Tuborg sensiz hayatÄ±n anlamÄ± YOKKKK,2018-05-18
DÃ¼nyanÄ±n En GÃ¼zel TakÄ±mÄ±na #Tuborg iÃ§erek destek oluyorum  pic.twitter.com/Xbbx6caTyF,2018-05-18
2015 ten beri ilk kez kafam gÃ¼zel  teÅŸekkÃ¼rler #Tuborg ğŸ˜ ara verdigim alkol yaÅŸantÄ±sÄ±na an itibari ile geri dÃ¶nÃ¼ÅŸ yapÄ±yorum,2018-05-16
Ebemi siken bir pazartesi daha bitti.. Acil rahatlamalÄ±k #tuborg lazÄ±m,2018-05-14
Herkese mutlu umutlu haftalar dileriz. Firmaya Ã¶zel Ã§alÄ±ÅŸmalarÄ±mÄ±zla devam ediyoruz.. #cappadocia #kapadokya #coffee #kahve #sunum #cay #gurme #barista #interior #keÅŸfet #kadÄ±ngiriÅŸimci #shemeansbusiness #bira #tuborg,2018-05-14
YaÄŸmura inat #tuborg Ã§antasÄ±ndan yeniâ€¦  https://www.instagram.com/p/Bir_U10naKjxrY_cnURWZsOoWqQqd0xS0WBcWE0/?utm_source=ig_twitter_shareÂ â€¦,2018-05-12
YaÅŸasÄ±n #tuborg ğŸ˜„  pic.twitter.com/sUCSkJeBhA,2018-05-12
"KardeÅŸimin doÄŸum gÃ¼nÃ¼ ve ona Ã¶zel pastasÄ±, ayda ortalama 193 kutu bira iÃ§er, pardon bira deÄŸil kutu #TUBORG ğŸ˜  pic.twitter.com/JikcQulKrG",2018-05-12
BÃ¼tÃ¼n gÃ¼n Ã§alÄ±ÅŸÄ±p yorulup akÅŸam yemekten Ã¶nce 2 #Tuborg Gold iÃ§memin tadÄ± bir bambaÅŸka,2018-05-10
"17 MayÄ±s PerÅŸembe gÃ¼nÃ¼ Tuborg FabrikasÄ±na teknik gezi dÃ¼zenleyeceÄŸiz, kontenjanÄ±mÄ±z sÄ±nÄ±rlÄ±dÄ±r.Ä°lgilenen tÃ¼m arkadaÅŸlarÄ±mÄ±zÄ± bekleriz.Detaylara afiÅŸten veya iletiÅŸim numaralarÄ±ndan ulaÅŸabilirsiniz. #iyte #inovasyon #teknikgezi #tuborg  pic.twitter.com/3adJv43pfF",2018-05-08
"Madem Hepimizin Sonu Morg YaÅŸasÄ±n KÄ±rmÄ±zÄ± ""#TUBORG""...  pic.twitter.com/moSmsGie4b",2018-05-07
Nasil bir huzur Ã§eÅŸidisin acaba sen masmaviiii ğŸ¥‚ #tuborg  pic.twitter.com/m48Ba0CLw8,2018-05-05
Antalya dan bildiriyorum sÄ±cak da soÄŸuk #tuborg iyi gidiyor  pic.twitter.com/0qXHsVogqD,2018-05-04
Ä°kindi birasÄ± #tuborg  pic.twitter.com/PqLCwWq7zX,2018-05-04
#sofya trenindeyim kÄ±rmÄ±zÄ± #tuborg iÃ§ip tuzlu fÄ±stÄ±k yiyip hayatÄ± sorguluyorum. GÃ¶rÃ¼yosunuz mikemmel hayatğŸ¤˜,2018-05-03
Hz. tuborg u sevmeyenin kÄ±Ã§Ä± dÃ¼ÅŸsÃ¼nğŸ˜‚ #bira #tuborg  pic.twitter.com/4A0fuk5jjL,2018-05-03
Bira kapaklarÄ±ndan bedava Ã§Ä±ksÄ±n ğŸº #tuborg #efespilsen,2018-05-01
#trtspor kamerasÄ±na #tuborg bira ile poz veren #beÅŸiktaÅŸ lÄ± arkadaÅŸ yoldaÅŸÄ±msÄ±n bundan sonra! ğŸ‘,2018-04-29
"Hava hep sÄ±cak olsun, yanÄ±nda buz gibi birayla ğŸ˜¬ğŸ™ #bira #gÃ¼neÅŸlihava #buzgibibira #tuborgâ€¦  https://www.instagram.com/p/Bh88TwblxVt/Â ",2018-04-24
#edoÅŸ&birol #bostancÄ±sahil bulutsum #tuborg #love #sun #aÅŸk @â€¦  https://www.instagram.com/p/Bh64ickhHAY-CxLzWi6qrTEgWBrxRl4A8-Zt8U0/Â â€¦,2018-04-23
"Alkol iÅŸinizi engelliyorsa, iÅŸinizi bÄ±rakÄ±n ğŸ˜âœŒğŸºğŸ» #tuborg yoksa #efesğŸ˜‰ pic.twitter.com/8rsfjRxH7T",2018-04-23
En iyisi bu... #sadrialÄ±ÅŸÄ±k #tuborg keyfi!  pic.twitter.com/dhHi5uEZyF,2018-04-23
"2018 Bira FiyatlarÄ± | Efes Pilsen Bira, Efes FÄ±Ã§Ä± ,Malt ve Ale Serisi, Bomonti Red Ale, Tuborg Gold, Amber, Miller Bira, Carlsberg, Amsterdam Bira, Corona, Duvel, Marmara ve Skol bira gÃ¼ncel fiyat listesi.   https://www.guncelfiyatlari.com/bira-fiyatlari/Â  #efes #tuborg #bomonti #Corona #Amsterdam pic.twitter.com/8rzq7kMznH",2018-04-23
Trakya gelini bÃ¶yle olur #tuborg  pic.twitter.com/UplytwR0WQ,2018-04-22
"Gelemem sevdiÄŸim , kader baÄŸlÄ±yor !  #tuborg",2018-04-22
Meydan okumamÄ±zÄ±n ilk kazananÄ± lokmandoktor Bey Ã§ok hÄ±zlÄ±sÄ±nÄ±zğŸ¤£ #sanatbarda #barart #tuborgâ€¦  https://www.instagram.com/p/BhzfG2PAgvS/Â ,2018-04-20
"beyoÄŸlu'ndan bildiriyorum;  @ZibaPub'da 50'lik fÄ±Ã§Ä± bira 14 TL, 33'lÃ¼k ise 10 TL ğŸ»ğŸºğŸ» #Guinness #Weihenstephan #Blanc1664 #Carlsberg #Tuborg #Kilkeny #EfesPilsen #Bomonti #Becks #Hoegaarden #DayBreak #Beer #BeerFest pic.twitter.com/1GXETKaPt0",2018-04-15
"beyoÄŸlu'ndan bildiriyorum;  Raven Pub'da 50'lik fÄ±Ã§Ä± bira 12 TL, 33'lÃ¼k ise 9 TL ğŸ»ğŸºğŸ» #Guinness #Weihenstephan #Blanc1664 #Carlsberg #Tuborg #Kilkeny #EfesPilsen #Bomonti #Becks #Hoegaarden #DayBreak #Beer #BeerFest pic.twitter.com/MQl94UlqD5",2018-04-15
beyoÄŸlu'ndan bildiriyorum;  @MuafBeyoglu 50'lik fÄ±Ã§Ä± biralar 12:00-19:00 saatleri arasÄ±nda 15 TL ğŸ»ğŸºğŸ» #Guinness #Weihenstephan #Blanc1664 #Carlsberg #Tuborg #Kilkeny #HappyHour #DayBreak #Beer #BeerFest pic.twitter.com/Znsil9oL5H,2018-04-15
En Ã¶l #tuborg  pic.twitter.com/1Y35XIzZt7,2018-04-12
fotoya bittim bir #tuborg #bira bu kadar gÃ¼zel objektiften yansÄ±r  ğŸ‘ğŸ‘ğŸ‘ pic.twitter.com/eiM5Gm1HGU,2018-04-07
Adam gibi bira iÃ§in!bÄ±yÄ±klaÅ•a takÄ±lmak yok! #chile #tuborgâ€¦  https://www.instagram.com/p/BhPlet-lxvIbXIE_wSmzfc2jREpbYHFtssgSjM0/Â â€¦,2018-04-07
Bu akÅŸam #ilberortayli gecesi #tuborg sponsorluÄŸunda #new #kronikkitap #kartpostal pic.twitter.com/sGdTBNbYU8,2018-04-06
Bu ÅŸehir yorar adamÄ±.. #istanbul #beer #tuborg  pic.twitter.com/iS6a9XcdCB,2018-04-06
"âš Tuborg'un ilk Brewmaster'Ä± Frederik anÄ±sÄ±na Ã¶zel bir seri! â™¨Seride India Pale Ale, Marzen Lager, Brown Ale bulunuyor... Biz de hafta sonunun hatÄ±rÄ±na ÅŸuraya bÄ±rakalÄ±m dedik ğŸ˜‰ #PepeRosso #Gastropub #Ä°zmir #Alsancak #Kordon #Cuma #Tuborg #Frederik pic.twitter.com/oOh8cvwpYQ",2018-04-06
"#00:37 #gece #gece #gider #tuborg #instagram #photography @ KÄ±zÄ±lpÄ±narkoy, TekirdaÄŸ, Turkey  https://www.instagram.com/p/BhKfKdChBVg/Â ",2018-04-05
"Yan yanaydÄ±k.. Ve ÅŸehir, bÃ¶yle bir mucize gÃ¶rmemiÅŸti..â˜ºï¸ğŸ§šâ€â™€ï¸ğŸ’ #cemalsÃ¼reya  Kendi evin gibisi yok be dostum..â˜ºï¸ğŸ§šâ€â™€ï¸ğŸ’#sweetheart #bomonti #tuborg #homemood pic.twitter.com/LJQ0NMWjSQ",2018-04-04
Geleneksel Åampiyonlar Ligi ToplantÄ±sÄ± ğŸ˜‚ âš½ âš½ Bir daha ki maÃ§ Ã¶nÃ¼mÃ¼zdeki bayramda ğŸ˜ƒ #ÅŸampiyonlarligi #championsleague #galatasaray #bursaspor #carlsberg #gilbeys #tuborg #cappy #redbull #koÃ¼ #bursa #eskel #tbt #ttarena #AlkolikHareketEngellenemez pic.twitter.com/YsFwlVaZ6h,2018-04-03
"ÅiÅŸeyi havada kapÄ±p dibini gÃ¶rdÃ¼. Sonra arkadaÅŸÄ±na dedi ki:â€YÄ±llardÄ±r #efes i nasÄ±l iÃ§miÅŸiz hacÄ±, #tuborg iyiyiÅŸ.â€  devamÄ± haftaya...",2018-04-02
ArkasÄ± Ä°zmir (; #tuborg #midye #kokoreÃ§ pic.twitter.com/WkdjPskFiw,2018-03-31
Kaybedenler klubu bira ve sigara gibi bi Ã¼Ã§lÃ¼ gÃ¶rmedim hayatÄ±mda... #yalnizlik #ayrilik #kaybedenlerklubu #SiirSokakta #siir #gece #raki #tuborg,2018-03-30
RakÄ± iÃ§enler samimidir. Ve daima sarÄ± #tuborg iÃ§enler kazanacaklar,2018-03-29
HayatÄ±mÄ±n en gÃ¼zel dÃ¶nemini  En kÃ¶tÃ¼ ÅŸekilde yaÅŸamama sebeb olan kim varsa onlarÄ±n amk.ğŸ’¥ğŸ‘Š #viski #efespilsen #tuborg #bunu1yereyaz #iyigecelerğŸŒ™,2018-03-27
#tuborg #Bavyera 1 LT ğŸº15 TL ğŸ¤˜ Saat 20 :00'a kadar #dinozorbar #salÄ± pic.twitter.com/PJk5fH34i0,2018-03-27
ÅŸu an ihtiyacÄ±m biraz beyaz leblebi sadece fÄ±stÄ±k kesmedi #tuborg,2018-03-27
"Barlar sokaÄŸÄ± sahil tÃ¼m mekanlar Efes satÄ±yor, oturmadan Tuborg aldÄ±rÄ±r mÄ±sÄ±nÄ±z diye soruyorum. Evet diyen mekanda 4. gold sonunda itiraf ettiler meÄŸer korkup denetleme yapan Efes yetkilisi sanÄ±yorlarmÄ±ÅŸ.. #tuborg ÅŸiÅŸe seviyoruz seni :))",2018-03-25
Cumartesi akÅŸamÄ± garip evde yalnÄ±z kalÄ±rsa ne iÃ§er #tuborg ğŸ˜¬ğŸ˜¬  pic.twitter.com/4AuWyXlVeT,2018-03-24
"Alkol deÄŸil insanÄ± sarhoÅŸ eden, dÃ¼ÅŸÃ¼ndÃ¼ÄŸÃ¼ neyse iÅŸte o.      #Cumartesi #alkolikhareketengellenemez #tuborg",2018-03-24
Bira kapaklarÄ±ndan bedava Ã§Ä±ksÄ±n amk....#tuborg #,2018-03-24
KeÅŸke #tuborg un TÃ¼rkiye hesabÄ±nÄ± bulabilseydim @Migros_Turkiye bulur belki ğŸ˜„ğŸ˜„,2018-03-23
"Alkol satÄ±ÅŸÄ±na karÅŸÄ±yÄ±m, bence alkol bedava verilmeli.  #Tuborg #YenirakÄ± #Efes #Zeybek #PapazkarasÄ± #Ottoman #KÃ¼p #TekirdaÄŸRakÄ± #Ä°stanblue #Jackdaniels #Chivasregal #Redlabel #Bomonti #Simirnoff  Ve daha sayamadÄ±klarÄ±m...  ğŸ˜€",2018-03-22
â€œCraft Memberâ€ oldum. Tuborgâ€™un verdiÄŸi bira eÄŸitiminden... ğŸ»ğŸºğŸ»ğŸºğŸ»ğŸº @tuborg @tuborg.official @fredanderik #tuborg #frederik #craftbeer #beer #bira #eÄŸitim #workshop #tadÄ±m #degustasyon #medal #Ã¼ye #member #biere #rozet #gurme #gusto #gourmand #tasting #somelier #mezuniyet pic.twitter.com/jwLGswFHk4,2018-03-22
Bu geceki #Tuborg sahnesinden ğŸ’œ @bengu yinemi sÃ¼per yine mi Ã§iÃ§ek ğŸ‘ Ä°nÅŸallah annemin sakatlÄ±ÄŸÄ±â€¦  https://www.instagram.com/p/BgmU1IpgAa-/Â ,2018-03-21
ÃœÃ§ tane daha yuvarlasam nazi Ã§Ä±karÄ±m diye korkuyom :) #tuborg @Tuborg ğŸ‘ğŸ¼ pic.twitter.com/u8DLVzX6Bk,2018-03-20
"Babam hep, ""ArÄ±zayÄ± bulmak istiyorsan, komple daÄŸÄ±tman gerekir"" derdi. Ã–yle yapÄ±yorum ÅŸu an. Herkese #Tuborg ile mutlu mesut yaÅŸantÄ±lar dileriz.",2018-03-15
GÃ¼zelliÄŸe bak gÃ¼zelliÄŸe ğŸ”¥ #tuborg  pic.twitter.com/4P43cNffdN,2018-03-15
Mekan kendinden filtreliğŸ˜ƒ llamanÄ±n eski hali #tuborg @ The LLAMA  https://www.instagram.com/p/BgWCRWEjQZI/Â ,2018-03-15
"AydÄ±nlÄ±k olduÄŸu sÃ¼rece, yeterince yÃ¼rekliyiz! #sineklerintanrÄ±sÄ± #kitap #tuborg #iyiakÅŸamlar pic.twitter.com/a3WUACJ51Y",2018-03-14
Kopenhag ve Danimarka denince aklima #Tuborg ve #Carlsberg gelir. https://twitter.com/dw_turkce/status/973497804827045888Â â€¦,2018-03-13
Bira gibi bira #tuborg  pic.twitter.com/DRrZbfgHlP,2018-03-08
Ne demek iki bira 18 tl? Eyyy tekel haddini bil #efes #bomonti #tuborg,2018-03-08
#tuborg ÅŸaka gibisin ğŸ˜‚  pic.twitter.com/uDkmamlF9y,2018-03-06
#ElAlemNeDer bilmem ama bu akÅŸam bÃ¶yle #tuborg  pic.twitter.com/FthtuDEUrU,2018-03-05
Ã‡ok mÃ¼tevazi bir insandÄ±. ÅarkÄ±larÄ±na dalÄ±p efkarÄ±mÄ±zdan az iÃ§medik seni #Tuborg   IÅŸÄ±klar iÃ§inde uyu gÃ¼zel insan #MÃ¼slÃ¼mGÃ¼rses,2018-03-03
Ninen bira iÃ§erdi bunlarÄ± unuttun mi? BunlarÄ± unutun mi?  ğŸ¶ Sahip Ã§Ä±kalÄ±m. #bira #beer #tuborg #Old #historical #eskiler #oldbutgold pic.twitter.com/mFw8IclsFF,2018-03-03
#tuborg yine bir showa imza atmÄ±ÅŸ. #frederik yeni bebegimsin,2018-03-02
Bi frederik olsa da iÃ§sem modundayÄ±m #tuborg #frederik,2018-03-02
Adam doÄŸuÅŸtan ÅŸekil #tuborg @tuborg @ Maritim Pine Beach Resort Belek  https://www.instagram.com/p/BfywqLtBrzt/Â ,2018-03-01
Bana dÃ¼ÅŸmez fakat ÅŸu yorumcular bir gÃ¶t :) saha da daha Ã§ok var ama kim sÃ¶ylememmmmm ne keyif var bende sorma. AÃ§ bir #tuborg,2018-03-01
33'lukten ziyade 17.50 iyidir ziraa motivasyonu arttirir. #efespilsen #tuborg sesime gel,2018-03-01
Yine geceler uzunn.. #tuborg  pic.twitter.com/5lMjRyN9vd,2018-02-28
Bira'nÄ±n Ã–tesinde Bir Keyif - Butiko Seramik - Birader Serisi  @artisanatvetasarim  @partumtasarim @butikoseramik #gÃ¶rmesektebiliriz #birakeyfi #seramik #ceramics #ceramic #beer #irishstyle #efespilsen #tuborg #bomonti #mug #homedecor #homedesign pic.twitter.com/UKfXiJMGen,2018-02-28
Kendisi adamÄ±n karkÃ¶kÃ¼dÃ¼r â¤ï¸#babam #antalya #tuborg @ Maritim Pine Beach Resort Belek  https://www.instagram.com/p/BftzXuuB_ZV/Â ,2018-02-28
Adam gibi bira #tuborg #Cumartesi hemde en kutsalÄ±ndanğŸºğŸ» pic.twitter.com/mwizI3puF9,2018-02-24
Hatay-Arsus 'ta Roussos'da  #Tuborg Biralarimizi iÃ§tik ğŸ™ˆ  pic.twitter.com/TNOygyfNoi,2018-02-24
"#tuborg eger gideceksen mani olamam,dÃ¼ÅŸersen sonunda yine bul beni... VEFASIZ KULLARDAN VEFA BEKLEME...  pic.twitter.com/Qgbrvqp1D5",2018-02-21
ÅiÅŸe birayla kutu bira arasÄ±nda neden tat farkÄ± var? #carlsberg #tuborg #efespilsen,2018-02-18
Mademki sonumuz morg yasasin kirmizi #tuborg  pic.twitter.com/Bre44LO4zS,2018-02-17
#tuborg #gece #iÃ§elim gÃ¼zelleÅŸelim pic.twitter.com/LiWHTrMSbV,2018-02-17
HayatÄ±mÄ±n olmazsa olmaz bir yerindesin  #tuborg iÃ§in tabi hepsi :)  pic.twitter.com/kOvmOPf7Hc,2018-02-16
#EfesPilsenBoykot demek Ã¶dediginiZ vergiler azaliyor. Herkes #Tuborg icmeye baÅŸlayinca ne diye aglayacaksiniz bakalim.,2018-02-16
ilk bira icmeye kahverengi efesle baslamisdim. bira gercekden o kapagin altindaydi. ama yillar icinde o tadi kaybettiler. #tuborg @Heineken ve @carlsberg varken bu tada para vermeye degmez zaten ğŸ˜„,2018-02-16
#tuborg #becks GÃ¼nahini iÃ§irenlere yazÄ±n.. pic.twitter.com/0hXNtohyla,2018-02-12
"#seksenler #ve #tuborg #keyfi #cumartesi #instagram #photography @ KÄ±zÄ±lpÄ±narkoy, TekirdaÄŸ, Turkey  https://www.instagram.com/p/BfByIpIBsPK/Â ",2018-02-10
Let the weekend begin! #tuborg cu deÄŸiliz normalde ama Ã¶zel serisi #frederik Tuborgâ€™a bakÄ±ÅŸâ€¦  https://www.instagram.com/p/Be-vleQAMN4/Â ,2018-02-09
Uzun bir sÃ¼renin ardÄ±ndan ara verdiÄŸimiz iliÅŸkimize devam edicez seni Ã§ok seviyorum #tuborg,2018-02-08
Evde yapilan birayami kaldiniz #BoykotEfesPilsen  adam gibi bira #Tuborg,2018-02-07
Afiyet olsun natali hanim. tuzlu fistik #Tuborg,2018-02-06
#EfesPilsen iÃ§miyoruz YeÄŸenim le bu akÅŸam Biraciyiz #Tuborg Candir  pic.twitter.com/8K8cXLJ8j8,2018-02-06
#EfesPilsenBoykot  olayinin daha once boykot yiyen yasar holding gurubuna yaramasi ilginc oldu :) #tuborg,2018-02-06
#Boykotefespilsen sen iÅŸi gÃ¼cÃ¼ bÄ±rakÄ±p evde bira yapanla uÄŸraÅŸ yaÅŸasÄ±n #TUBORG GOLD,2018-02-05
10 kapak getirene bira yapÄ±m kiti daÄŸÄ±ttÄ±ÄŸÄ±n an pazarÄ±n tek sahibisin #tuborg #EfesPilsenBoykot,2018-02-04
TadÄ±mÄ±z kaÃ§masÄ±n #tuborg @Tuborg pic.twitter.com/g1sL1IWK6h,2018-02-03
Dur daha ne iÃ§tik #tuborg @ kula Su Deposu  https://www.instagram.com/p/BevWBuBBpn9/Â ,2018-02-03
"""AdamÄ±m, kaygan kanun bu dÃ¼ÅŸerim, uyamam!"" #tuborg #nevizade #taksim #bira #Ã¶ylekolaysa  https://www.instagram.com/p/BevKW47Dyao/Â ",2018-02-03
#BoykotEfesPilsen evde mekanda fark etmez her zaman #Tuborg kalp kalp  pic.twitter.com/B5p3fhY3hZ,2018-02-03
"sekerden efesin tadi kacdi zaten... nerde o esgi gaverengi siselerdeki tat.  bira bir zamanlar o kapagin altindaydi, artik bence #tuborg turkiyede cikan en iyi bira. bir da #Heineken https://twitter.com/y_janz/status/959556275892727808Â â€¦",2018-02-03
HÄ±zlÄ± mÄ± oldu ne?! #tuborg'la cila  https://www.instagram.com/p/BetXpz8Ahob59TV7GIFDOuIOZ9ZwFzb3JoenjU0/Â â€¦,2018-02-03
Cila olmazsa olmaz #tuborg  https://www.instagram.com/p/BetSy98gHDGqBqMHEP-NuQsH7EUqG-aUrPjge40/Â â€¦,2018-02-02
"#EfesPilsenBoykot yapmayalÄ±m istiyoruz, zaten Efesâ€™i bÄ±rakalÄ± belki 5 yÄ±l oluyor ama #bomonti seviyoruz. BÃ¶yle aÃ§ gÃ¶zlÃ¼ tiplere meydanÄ± bÄ±rakmamak iÃ§in bundan sonra #tuborg .! AkÄ±llanÄ±rlar inÅŸallah.",2018-02-02
Ne #efes ne #tuborg yaÅŸasÄ±n tam baÄŸÄ±msÄ±z #mythos ğŸ˜‚ @ Antalya Kas  https://www.instagram.com/p/Besuc8IHdHJ/Â ,2018-02-02
#Tuborg adamdÄ±r.,2018-02-02
Bize bisey degismiyo zaten efes icmiyoduk. Turkiyede #tuborg disarda #Leffe,2018-02-02
Efes icen soguk at sidigi de icer dedigimizde kimi vizyonsuzlar bize kiziyordu.   #Tuborg,2018-02-02
#Tuborg un Tuncay Ã–zilhan`a teÅŸekkÃ¼r etmesi hatta plaket vermesi gerekir. Zira adamÄ±n sÄ±rtÄ±na reklam verseler bu kadar etkili olmazdÄ±. #BoykotEfesPilsen #tuborgcuyuz biz. pic.twitter.com/SDORTqromH,2018-02-02
#tuborg â¤ï¸ ben (zaten hep sevmistim) #BoykotEfesPilsen,2018-02-02
"En dandik birayÄ± Ã¼retiyor.her ÅŸiÅŸe birbirinden baÄŸÄ±msÄ±z en kÃ¶tÃ¼ tat,nasil beceriyorlar ayri bi yetenek orasÄ±da.#Tuborg a rakip olamadÄ±k de lafÄ± uzatma #BoykotEfesPilsen",2018-02-02
"Evde yÄ±kanÄ±yoruz diye hamamcÄ±lar cemiyeti hÃ¼kÃ¼mete ÅŸikayette bulunacakmÄ±ÅŸ... #BoykotEfesPilsen Madem sonumuz morg, yaÅŸasÄ±n #Tuborg",2018-02-02
Bosuna mi #Tuborg ictik bunca yil? #BoykotEfesPilsen vergi cok diyemiyor da evdererororerore,2018-02-02
Biz zaten hep Tuborgcuyduk!!! #tuborg #Tuborgcuyuz #EfesBOYKOT #EfesPilsenBoykot pic.twitter.com/a1KJ6M4jy8,2018-02-01
Evde bira yapmÄ±yorum ama #Tuborg u seviyorummm #BoykotEfesPilsen pic.twitter.com/bvmpjez2Hn,2018-02-01
"Ä°Ã§tiÄŸim, severek iÃ§ebildiÄŸim tek biraydÄ±n #Efes..   GeÃ§miÅŸ olsun..   AlÄ±ÅŸacaÄŸÄ±z demek ki #Tuborg iÃ§meye..   Seni...  https://fb.me/7972XwBhoÂ ",2018-02-01
900.Geleneksel BuluÅŸmamÄ±z #jti #phillipmorris #fÄ±stÄ±kyiyoruzbiz ğŸ˜‰ #carslbergbeer #tuborg ğŸ»ğŸ»ğŸºğŸº @â€¦  https://www.instagram.com/p/BeqqrCqlMQw/Â ,2018-02-01
Hahahahahahahahaha gecenin en gÃ¼zel esprisini yapmÄ±ÅŸğŸºğŸºğŸºbu yÃ¼zden yaÅŸasÄ±n #TUBORG,2018-02-01
Ev birasÄ± deÄŸil de #tuborg gold vurdu sizi patron. Tuborg olmayan mekanda bira iÃ§miyorum artÄ±k...,2018-02-01
Ben zaten #Tuborg iÃ§iyorum o yÃ¼zden biÅŸey farketmiyor,2018-02-01
"Once #vestel yuzunden ithal telefonlara esek gibi vergi, simdi de #efespilsen yuzunden evde biraya.  Biz zaten #tuborg cuyuz kanka bosver zates efes pilsen tahillarini da yurt disindan ihrac ediyor. Hadi bakalim #boykotefespilsen https://eksisozluk.com/boykotefespilsen--5560708Â â€¦",2018-02-01
#BoykotEfesPilsen  HaklÄ±sÄ±n bÃ¶yle kimse yapamazdÄ± . adamgibi bira #tuborg . halk dÃ¼ÅŸmanÄ± efes.,2018-02-01
"KardeÅŸim iki marketim var ikisindede bu saatden sonra efes yok . vatandaÅŸla uÄŸraÅŸacagÄ±nÄ±za , devlete sÃ¶yleyin vergiyi dÃ¼ÅŸÃ¼rsun . #BoykotEfesPilsen %5 arayacaksÄ±nÄ±z adamgini bira #tuborg demek en iyisi . bu arada markete gelenede Ã¶zel olarak aÃ§Ä±klama yapÄ±laÃ§aktÄ±r itinayla :)",2018-02-01
#BoykotEfesPilsen Tuborg her zaman daha iyiydi artik herkes adam gibi bira iÃ§ecek  #tuborg,2018-02-01
Zaten sevmezdim #BoykotEfesPilsen #Tuborg a devam,2018-02-01
#BoykotEfesPilsen yaÅŸasÄ±n #Tuborg â¤â¤â¤,2018-02-01
Bu boykota #tuborg un indirip yaprak deseltek vermesini bekliyoruz #BoykotEfesPilsen,2018-02-01
#BoykotEfesPilsen  yaÅŸasÄ±n #Carlsberg ve #Tuborg,2018-02-01
@yilin alkoligi odulunu bana verdiler #tuborg  pic.twitter.com/OZwilwUp0g,2018-02-01
"devleti, milletin evinin iÃ§ine kadar sokturdunuz ya helal olsun. adam gibi bira #tuborg 'a devam..  #BoykotEfesPilsen !!!",2018-02-01
Sen Ã¶demiyorsun diye biz iÃ§tiÄŸimizin yarÄ±sÄ±nÄ± vergi veriyoruz. Zaten arkadaÅŸlarÄ±n #Tuborg Ä±srarÄ±na dayanma gÃ¼cÃ¼m de kalmamÄ±ÅŸtÄ±. Demek ki Tuborg cidden canmÄ±ÅŸ. SatÄ±ÅŸlarÄ±n daha da dÃ¼ÅŸecek emin ol!  #BoykotEfesPilsen pic.twitter.com/fuQJZMfF1D,2018-02-01
FÄ±rsatÄ± deÄŸerlendirmenizi bekleyen milyonlar var. #Tuborg #BoykotEfesPilsen,2018-02-01
#BoykotEfesPilsen zaten son 5 yÄ±ldÄ±r #tuborg iÃ§iyorduk,2018-02-01
E biz boykota baÅŸlayalÄ± yÄ±llar oldu ki! #Tuborg var  https://twitter.com/solhaberportali/status/959049697351622656Â â€¦,2018-02-01
Olum neyini boykot ediyonuz gÃ¶rdÃ¼ÄŸÃ¼m herkes #tuborg iÃ§iyor ğŸ˜‚ğŸ˜‚ #BoykotEfesPilsen,2018-02-01
CaaanÄ±m #tuborg varken ne efesi #BoykotEfesPilsen,2018-02-01
"Almaza lÃ¼bnan birasÄ±,tadÄ± harika,bunu getirecek bir firma yok mu?  Tabi sakÄ±n lisans alip burda uretmeyin,olmuyor malum aynisi...  We wanna see @AlmazaLeb in turkey.  @Tuborg @AlmazaLeb @TurkTuborg #tuborg #BoykotEfesPilsen",2018-02-01
"Normalde bu boykot geyiklerine katÄ±lmÄ±yorum ama #EfesPilsenBoykot konusunda destekÃ§iyim! loxnip #tuborg ile bende varÄ±m diyor, ya siz dhdjskdjd",2018-02-01
#BoykotEfesPilsen #net yÃ¼klen #rakÄ± ya #tuborg a ....,2018-02-01
Ben zaten #Tuborg iÃ§iyorum adam gibi bira! Efes ney la con con birasÄ± ğŸ˜¬ #BoykotEfesPilsen,2018-02-01
YÄ±llardan beri Tuborg iÃ§iyordum. Ara sÄ±ra gittiÄŸim yerde yoksa Efes Ã¼rÃ¼nÃ¼ kullanÄ±yordum ancak artÄ±k kullanmam.   #EfesPilsenBoykot      Efes Pilsen batsÄ±n !   #tuborg,2018-02-01
ÅiÅŸman efes iÃ§eceÄŸine ince cumali tuborg iÃ§ ğŸ‘ğŸ»ğŸ» @Tuborg #EfesPilsenBoykot #efes #tuborg,2018-02-01
#BoykotEfesPilsen vergilere itiraz etsene! Bundan sonra #Tuborg iciyoruz kusura bakma...,2018-02-01
Zaten #Tuborg iÃ§iyorduk  #BoykotEfesPilsen,2018-02-01
Ulkede ki gobelikli yurttas sayisinin en az %60 i  sizin sayenizde oldu! Ben #Tuborg iciyorum malt candir! #BoykotEfesPilsen,2018-02-01
"Tahminimce Anadolu Grup CEO'su #Tuborg'dan gÃ¼zel bir teklif almÄ±ÅŸ olsa ki, #Efes'deyken mÃ¼ÅŸterileri Tuborg'a pasliyor.ğŸ˜… #BoykotEfesPilsen https://twitter.com/bbcturkce/status/959047895197671426Â â€¦",2018-02-01
#tuborg siz de biraz akÄ±llÄ± yÃ¶netici varsa Efes pilsen bu saatten sonra tarih olur...,2018-02-01
#BoykotEfesPilsen  hala Efes iÃ§en varsa tabii. #tuborg candÄ±r.,2018-02-01
#BoykotEfesPilsen #tuborg efes migroslarda kÃ¼Ã§Ã¼k esnafÄ± ezecek fiyatlara bira sattÄ±ÄŸÄ± sÃ¼rece biz tekel bayiler olarak mÃ¼sterilerimizi tuborg iÃ§meye yÃ¶nlendirmeye devam edeceÄŸiz #tuborg,2018-02-01
Efes migroslarda kÃ¼Ã§Ã¼k esnafÄ± ezecek fiyatlara bira sattÄ±ÄŸÄ± sÃ¼rece biz tekel bayiler olarak mÃ¼sterilerimizi tuborg iÃ§meye yÃ¶nlendirmeye devam edeceÄŸiz #tuborg,2018-02-01
BoÅŸuna demiyoruz #Tuborg Adam gibi bira.    #BoykotEfesPilsen,2018-02-01
Adam gibi bira #tuborg  Ah be Bomonti sana da yazÄ±k oldu beeğŸ˜ #BoykotEfesPilsen,2018-02-01
Tuborg'un yerinde olsam bunu fÄ±rsat bilip bira fiyatÄ±nÄ± 5 TL'ye Ã§ekerim. Efes Pilsen sonsuza kadar piyasadan yok olur. #BoykotEfesPiksen #Tuborg,2018-02-01
"Bomonti iÃ§ende bizden deÄŸildir.  Ã‡Ã¼nkÃ¼ bu Ã¼rÃ¼nde efes adÄ± altÄ±nda Ã¼retiliyor. AyrÄ±ca bunun yanÄ± sÄ±ra Anadolu grubu nun markalarÄ± olan, milller, beck's, kozel gibi markalarÄ±da artÄ±k tÃ¼ketmemeye davet ediyoruz. SaÄŸÄ±lacak inek falan deÄŸiliz. #ForzaTuborg #TUBORG #BoykotEfesPilsen",2018-02-01
#BoykotEfesPilsen @AnadoluGrubu na ait hiÃ§ bir Ã¼rÃ¼n alÄ±nmamalÄ±. Sadece #efespilsen deÄŸil hiÃ§ bir Ã¼rÃ¼nÃ¼ ne alÄ±nmalÄ± ne de aldÄ±rÄ±lmalÄ±. Almayanlar alanlara mani olmalÄ±dÄ±r. Ä°Ã§eceksek bundan sonra #AdamGibiBira #Tuborg iÃ§elim.  Ã‡ok yanlÄ±ÅŸ yaptÄ±n tuncay Ã¶zilhan! #boykot #EfesBOYKOT,2018-02-01
Biz zaten #tuborg iÃ§iyoruz ğŸ»  pic.twitter.com/OZHeoZ60mJ,2018-02-01
Biz zaten 3 yÄ±l Ã¶nce bÄ±raktÄ±k Efesi... #Tuborg daha gÃ¼zel bira yapmaya baÅŸladÄ±...  #BoykotEfesPilsen,2018-02-01
#BoykotEfesPilsen ne kullaniyorsun standart biranda kalitesi o kadar kotu forza #tuborg viva #carlsberg,2018-02-01
Ä°cilecek bira Tuborg zaten hocam digerine insanlarin sacma bir sempatisi var anlamsiz icimi tadi kokusu herseyi bin basar #tuborg,2018-02-01
Su gibi bira kardeÅŸim #BoykotEfesPilsen iyiki varsÄ±n #tuborg,2018-02-01
"sahibi olduÄŸu Migros'larda Efes pilsen'i ucuza satan deÄŸil , her zaman kÃ¼Ã§Ã¼k esnafÄ±n yanÄ±nda olan deÄŸer veren #Tuborg 'un yanÄ±ndayÄ±z ğŸ˜ #efespilsenboykot",2018-02-01
#BoykotEfesPilsen #Tuborg 'un askerleriyiz,2018-02-01
#boykotefespilsen zaten yÄ±llar Ã¶nce bÄ±raktÄ±m efes'i. yaÅŸasÄ±n #hoegaarden #leffe #weihenstephaner !! #tuborg #cheers #ÅŸerefe pic.twitter.com/lXMLoi8yi5,2018-02-01
#tuborg un ÅŸiÅŸesi daha gÃ¼zel #boykotefespilsen https://twitter.com/merrkuri/status/959029774298632192Â â€¦,2018-02-01
Yerli marka hemen para iÃ§in sattÄ± milleti.. oysa Tuborg Ã¶yle mi? Tuborg yakÄ±ÅŸÄ±klÄ± Tuborg gÃ¼zel Tuborg sakinken altÄ±n heycanlÄ±yken kÄ±rmÄ±zÄ±.  CanÄ±msÄ±n #Tuborg,2018-02-01
Sonunda #Tuborg kazanacak #BoykotEfesPilsen bugunleri de gorecegiz ğŸ»,2018-02-01
YaÅŸasÄ±n #Tuborg ve #ButikBira ğŸ˜ğŸ» #BoykotEfesPilsen,2018-02-01
"Glukoz ÅŸurubu kullanan efese zamanÄ±nda ""Adam Gibi Bira"" sloganÄ± ile tarihi ayar veren #Tuborg artÄ±k milli iÃ§eceÄŸimiz sensin.  Cheersssss ğŸ»ğŸ»ğŸ»ğŸ» #BoykotEfesPilsen",2018-02-01
Evde bira yapmak ile uÄŸraÅŸmÄ±yorum yapana saygÄ± duymakla beraber ama aÄŸzÄ±mÄ±n tadÄ±nÄ± bildiÄŸim iÃ§in alÄ±rsam da #Tuborg alÄ±yorum... #BoykotEfesPilsen,2018-02-01
#BoykotEfesPilsen bu yÃ¼zden #AdamGibiBira #Tuborg amk.,2018-02-01
"BugÃ¼ne kadar #tuborg un hep karÅŸÄ±sÄ±nda durdum, ama bu konudan sonra efes pilsen alacaÄŸÄ±mÄ± sanmÄ±yorum. #BoykotEfesPilsen",2018-02-01
#tuborg iÃ§meye devam,2018-02-01
KIRMIZI #TUBORG un MÃœKEMMELLÄ°ÄÄ°ğŸ¤© #BoykotEfesPilsen,2018-02-01
Evde bira yapanlardan vergi alÄ±nÄ±nca herkesin Efes iÃ§eceÄŸini zannediyor Tuncay Ã–zilhan bey. Bizim iÃ§in her zaman #BoykotEfesPilsen YaÅŸasÄ±n #Tuborg #EvdekiBiramaDokunma,2018-02-01
Bir zamanlar basketbol ligimizde #tuborgâ€™unda takÄ±mÄ± vardÄ±. Vaybe bira markasÄ±nÄ±n takÄ±m ismi olduÄŸu gÃ¼nlerden yavaÅŸ yavaÅŸ alkolÃ¼n dolaylÄ± yollardanda olsa yasaklanmaya Ã§alÄ±ÅŸÄ±ldÄ±ÄŸÄ± gÃ¼nlere yol alÄ±yoruz.,2018-02-01
Bir basketbol sever olarak @alper11yilmaz ve ekibinin #Euroleague de takÄ±mÄ± dÃ¼ÅŸÃ¼rdÃ¼kleri rezalet durumdan beri #BoykotEfesPilsen diyorum zaten ayrÄ±ca uzunca bir dÃ¶nendirde #Tuborg tercih ediyorum.,2018-02-01
"AslÄ±nda bir bakÄ±ma baÅŸladÄ±lar da. #garaguzu nun piyasaya bomba gibi girmesinden sonra #butikbira hareketine kayÄ±tsÄ±z kalmayarak Ã¶nce #Efespilsen #brewmasterseries Ã§Ä±kardÄ±, ardÄ±ndan #tuborg un #frederick serisi Ã§Ä±ktÄ±.Åimdi de #redale den sonra heyecanla  #bomontiblack i bekliyoruz",2018-02-01
"lezzetleri aramasÄ±nÄ±n bir yansÄ±masÄ±.Son yÄ±llarda gerek #anadolugrubu gerek #tuborg gerekse #craftbeeristanbul gibi firmalarÄ±n getirdiÄŸi import biralar bira severlerin damak tadÄ±nÄ± geliÅŸtirdi,burda bÃ¼yÃ¼k Ã¼reticilerin yapmasÄ± gereken bu harekete yeni butik Ã¼rÃ¼nlerle cevap vermesi +",2018-02-01
"Zaten iÃ§mezdim. Zaten sevmezdim. Åimdi tam oldu. Seni satan puba, mekana da gitmem artÄ±k. #BoykotEfesPilsen YaÅŸasÄ±n #tuborg",2018-02-01
Ne miller'i #Tuborg un Ã¼zerine bira tanÄ±mam #BoykotEfesPilsen,2018-02-01
Zaten efes sevmem.yaÅŸasÄ±n #tuborg #BoykotEfesPilsen,2018-02-01
Ticari bir faaliyet yok ki ortada vergi oluÅŸsun. @AnadoluGrubu nun pazar kaybÄ±nÄ± bÃ¶yle bir bahaneye baÄŸlamasÄ± Ã§ok komik. Bunun yanÄ±nda TÃ¼rk butik biracÄ±lÄ±ÄŸÄ±nÄ±n bÃ¼yÃ¼mesi tam aksine pazar Ä± bÃ¼yÃ¼ttÃ¼ÄŸÃ¼ iÃ§in #efespilsen #tuborg gibi mass Ã¼retim yapan firmalarÄ±n lehine olan bir durum.,2018-02-01
"Zaten biranÄ±z bok gibi #BoykotEfesPilsen, Adam gibi bira #tuborg",2018-02-01
totoÅŸ efese bak sen.insanlarÄ±n yaptÄ±ÄŸÄ± birayÄ± ÅŸikayet edeceÄŸine toton yiyorsa Ã¶dediÄŸimiz vergileri sÃ¶yle o devlete ğŸ¤ª yaÅŸasÄ±n #tuborg kardeÅŸliÄŸi,2018-02-01
Eeee zaten #Tuborg iÃ§erek boykottayÄ±z  #BoykotEfesPilsen,2018-02-01
"#TuncayÃ–zilhan evde birasÄ±nÄ± yapan vatandaÅŸa yÃ¼rÃ¼yeceÄŸine, 3 liralÄ±k biranÄ±n neden 9 liraya satÄ±ldÄ±ÄŸÄ±nÄ± sorgulasÄ±n! #Tuborg zaten son 5 yÄ±lda aÄŸzÄ±nÄ±zÄ±n payÄ±nÄ± verdi.. Demek durum o kadar vahim ki kendi ipini bu ÅŸekilde Ã§ekme gereÄŸi gÃ¶rmÃ¼ÅŸ.Beter olun bin beter. #BoykotEfesPilsen",2018-02-01
#Tuborg 'Ã§uyuz Zaten ğŸ‘Š#BoykotEfesPilsen,2018-02-01
Amk davarina bak bide sikayette bulunuyo #BoykotEfesPilsen yapalimda gor ebenin horekesini yasasin #tuborg,2018-02-01
Ben zaten #TUBORG #GOLD severim ğŸ¤£ğŸ¤£  https://fb.me/1ERodoPHmÂ ,2018-02-01
"Bak salaÄŸa bak. Devlet biradaki vergiyi dÃ¼ÅŸÃ¼rsÃ¼n demiyo da, bize sokmaya Ã§alÄ±ÅŸÄ±yo. DÄ±ÅŸarÄ±da #tuborg evde benim yaptÄ±ÄŸÄ±m ulan. ğŸ––  https://twitter.com/sputnik_tr/status/958930409621946368Â â€¦",2018-02-01
"#EfesPilsen tÃ¼ketme tÃ¼kettirme!! YaÅŸasÄ±n ev birasÄ±, yaÅŸasÄ±n #tuborg  https://twitter.com/RusyaRehberi/status/958913612772532224Â â€¦",2018-02-01
RAKI VE BÄ°RA KAPAKLARINDA BEDAVA CIKSIN !! #Efes #Tuborg #yenirakÄ± #tekirdaÄŸrakÄ±,2018-01-30
"Åu tabloya percemi dÃ¼zleÅŸtirilmiÅŸ, dÃ¼ÅŸÃ¼k bel kotlu, kÃ¼fÃ¼rbaz, dibi gelmiÅŸ sarÄ± saÃ§lÄ± esmer bir kÄ±z yakÄ±ÅŸÄ±rdÄ±. #tuborg #doÄŸan pic.twitter.com/KJTfS5baOC",2018-01-27
#tuborg istanbul ile izmir'de satilan gold'larin tadlari arasinda daglar kadar fark var ?,2018-01-23
" https://vocaroo.com/i/s0DAPJwWsVUJÂ  Ben SevdalÄ±, Sen BelalÄ±. #ankara #Ã§ankaya #gitar #keyfi #tuborg #bira #eÅŸliÄŸinde #canlÄ± #mÃ¼zik",2018-01-18
"Ä°Ã§imde yÄ±lgÄ±n rÃ¼zgarÄ±n ayak sesleri, sende daha yeni yeni kavak yelleri...   https://vocaroo.com/i/s0ksqBHec6RWÂ  #ankara #Ã§ankaya #evim #gitarkeyfisi #tuborg #bira",2018-01-18
Manno barâ€™da perÅŸembe #pakodoÄŸan iletiÅŸim : 05339692245 #taksim #beyoglu #livemusic #bira #tuborg  https://www.instagram.com/p/BeF7OOkA2l2/Â ,2018-01-18
Hello Dude! #tuborg @ Ä°zmir Province  https://www.instagram.com/p/Bd-tMkSB6qNbfElLm8oYWubLyCpAzRlNjxvwTs0/Â â€¦,2018-01-15
Alkol iÅŸinizi engelliyorsa iÅŸinizi bÄ±rakÄ±n...#tuborg#alcohol#cinayet  pic.twitter.com/vjc0cBJp1d,2018-01-12
"#Tuborg, Toplu Ä°ÅŸ SÃ¶zleÅŸmesi GÃ¶rÃ¼ÅŸmelerinde AnlaÅŸtÄ± -  http://eborsahaber.com/88928/2018/sirket-haberleri/tuborg-toplu-is-sozlesmesi-gorusmelerinde-anlasti/Â â€¦ pic.twitter.com/hR1z8M6oYo",2018-01-11
"Antalya'dan klasik bir ""iyi pazarlar"" postu :) #tuborg #gold #tuborggold #beer #bira #tÃ¼rktuborgâ€¦  https://www.instagram.com/p/BdpleZOgU1z/Â ",2018-01-07
"Hayat sevince, paylaÅŸÄ±nca gÃ¼zel! #sosyalÃ¶kÃ¼z #Ã¶kÃ¼z #rakÄ± #yÃ¼reÄŸir #adanalÄ± #tuborg #efes #miller #gold #bira #tekel #alkol #adana #cumartesiler #cumartesi #yenirakÄ± #TekirdaÄŸ #gezme #gezmece #bar #iÃ§meler #birahane #pup #gazino pic.twitter.com/D6P1WZLgye",2018-01-06
Tuborg'un Adam gibi bira olmasinin tek sebebi; kadinlarin surekli miller icmeleri... #BilmekÄ°stiyorum #tuborg #DiyesimVar,2018-01-04
YÄ±lbaÅŸÄ± AkÅŸamÄ±ndan kalan bir kare ğŸ‘‰ #Frederik #BrownAle ğŸ» KÃ¶pÃ¼k yetersiz olmuÅŸ... ğŸ˜¯ #TurkTuborg #Tuborg #beer #bira #Ğ±Ğ¸Ñ€Ğ° #piwo #bier #biÃ¨re #birra #Ğ¿Ğ¸Ğ²Ğ¾ #pivo #cerveza #cerveja #Î¼Ï€ÏÏÎ± #olut #sÃ¶r #Ã˜l #Alus #Beerporn #Beerstagram #BeerGeek #InstaBeer #CraftBeer #CraftBira pic.twitter.com/McCglFHH0M,2018-01-03
AkÅŸamdan kalmalar  #1Ocak #yenirakÄ± #efes #tuborg #bomonti #rakÄ±balÄ±k #tekirdaÄŸ pic.twitter.com/uAYA0klWV9,2018-01-01
2018 herkese mutluluk iyilik saÄŸlÄ±k getirsin sana ise kÄ±rmÄ±zÄ± #tuborg,2018-01-01
"Ã‡ivi Ã§iviyi sÃ¶ker, soÄŸuktan donanÄ± karla ovarlar ;) #Alkaseltzer #Majezik #Efespilsen #Tuborg",2018-01-01
"Ev yapÄ±mÄ± rakÄ± ve #tuborg amber eÅŸliÄŸinde 2018 yÄ±lÄ±na girdik.  2018 yÄ±lÄ±ndan bi beklentim yok. SonuÃ§ta takvim iÅŸte, ne bekleyebilirim ki?",2018-01-01
"#tuborg adam gibi bira,, Ã§ok cinsiyetÃ§i bi reklam,, iÃ§miyoruz de mi #feminist arkadaÅŸlar..",2017-12-31
"AkÅŸam iÃ§in yavaÅŸtan hazÄ±rlanalÄ±m :)  #bira #tuborg #yÄ±lbaÅŸÄ± #hazirlik #eglence @ YeniÃ§iftlik,â€¦  https://www.instagram.com/p/BdXiaqtFh2O/Â ",2017-12-31
